comp_id,event,j1_name,j2_name,j3_name,j4_name,j5_name,j6_name,j7_name,j8_name,j9_name,j1_nat,j2_nat,j3_nat,j4_nat,j5_nat,j6_nat,j7_nat,j8_nat,j9_nat
WC_1011,MEN_SP,Lovorka KODRIN,Senem AHISKAL,Beatrice PFISTER,Paula M NAUGHTON,Diana STEVENS,Daniel DELFA,Seppo KURTTI,Maria MILLER,Julia ANDREEVA,CRO,TUR,SUI,USA,GBR,ESP,ISU,ISU,RUS
GPF_1415,MEN_FS,Joseph INMAN,Yukiko OKABE,Jarmila PORTOVA,Allan BOEHM,Marta OLOZAGARRE,Jung-Sue LEE,Susan HEFFERNAN,Yumin WANG,Julia ANDREEVA,USA,JPN,CZE,SVK,ESP,KOR,CAN,CHN,RUS
GPCHN_1011,LADIES_SP,Janice HUNTER,Robert ROSENBLUTH,Nobuhiko YOSHIOKA,Evgeni ROKHIN,Philippe MERIGUET,Hailan JIANG,Peter LEVIN,You-Hwa LEE,Julia ANDREEVA,CAN,USA,JPN,UZB,FRA,CHN,SWE,KOR,RUS
GPFRA_1617,MEN_FS,Francoise DE RAPPARD,Masako KUBOTA,Yuri GUSKOV,Saodat NUMANOVA,Elisabeth LOUESDON,Daniel DELFA,Massimo ORLANDINI,Olga KOZHEMYAKINA,Steve WINKLER,BEL,JPN,KAZ,UZB,FRA,ESP,ITA,RUS,USA
GPFRA_1920,MEN_SP,Salome CHIGOGIDZE,Deveny DECK,Natasa SKOK,Janice HUNTER,Kerstin KIMMINUS,Philippe MERIGUET,Alexei BELETSKI,Olga KOZHEMYAKINA,Nobuhiko YOSHIOKA,GEO,USA,SLO,CAN,GER,FRA,ISR,RUS,JPN
GPFRA_1920,MEN_FS,Salome CHIGOGIDZE,Deveny DECK,Natasa SKOK,Janice HUNTER,Kerstin KIMMINUS,Philippe MERIGUET,Alexei BELETSKI,Olga KOZHEMYAKINA,Nobuhiko YOSHIOKA,GEO,USA,SLO,CAN,GER,FRA,ISR,RUS,JPN
GPCHN_1011,LADIES_FS,Julia ANDREEVA,Robert ROSENBLUTH,Janice HUNTER,Evgeni ROKHIN,Philippe MERIGUET,Peter LEVIN,Hailan JIANG,You-Hwa LEE,Nobuhiko YOSHIOKA,RUS,USA,CAN,UZB,FRA,SWE,CHN,KOR,JPN
GPCHN_1011,MEN_SP,Philippe MERIGUET,Susan BLATZ,Sviatoslav BABENKO,Robert ROSENBLUTH,Vera TAUCHMANOVA,Claudia BRAMBATI,Guangying QIN,Hea-Kyung KIM,Nobuhiko YOSHIOKA,FRA,CAN,RUS,USA,CZE,ITA,CHN,KOR,JPN
GPFRA_1415,MEN_FS,Vera TAUCHMANOVA,Ayumi KOZUKA,Joyce D KOMPERDA,Yuri GUSKOV,Claire SHEPHERD,Francoise DE RAPPARD,Hailan JIANG,Olga KOZHEMYAKINA,Helene CUCUPHAT,CZE,JPN,USA,KAZ,GBR,BEL,CHN,RUS,FRA
GPRUS_1011,MEN_FS,Vladislav PETUKHOV,Daniel DELFA,Olga KOZHEMYAKINA,Benoit LAVOIE,Richard KOSINA,Masako KUBOTA,Tiziana MORANDI,Anne CAMMETT,Helene CUCUPHAT,UKR,ESP,RUS,CAN,CZE,JPN,ITA,USA,FRA
GPFRA_1415,MEN_SP,Joyce D KOMPERDA,Helene CUCUPHAT,Yuri GUSKOV,Francoise DE RAPPARD,Claire SHEPHERD,Ayumi KOZUKA,Hailan JIANG,Olga KOZHEMYAKINA,Vera TAUCHMANOVA,USA,FRA,KAZ,BEL,GBR,JPN,CHN,RUS,CZE
GPCAN_1617,MEN_SP,Anne CAMMETT,Kfir NATAN,Wei SHI,Lynne DEY,Marco BUTTARELLI,Saodat NUMANOVA,Kenji AMAKO,Igor OBRAZTSOV,Vera TAUCHMANOVA,USA,ISR,CHN,CAN,ITA,UZB,JPN,RUS,CZE
GPFRA_1213,MEN_SP,Andrea DERBY,Maira ABASOVA,Yumin WANG,Tiziana MIORINI,Francoise DE RAPPARD,Francis BETSCH,Shizuko UGAKI,Lorrie PARKER,Vera TAUCHMANOVA,CAN,RUS,CHN,ITA,BEL,FRA,JPN,USA,CZE
EC_1314,LADIES_SP,Agita ABELE,Ekaterina SEROVA,Claudia FASSORA,Senem AHISKAL,Anastasia PAPAGIANNOPOULOU,Alla SHEKHOVTSOVA,Andrea GMELIN,Helene CUCUPHAT,Vera TAUCHMANOVA,LAT,BLR,SUI,TUR,GRE,RUS,ROU,FRA,CZE
EC_1314,LADIES_FS,Gavril VELCHEV,Ann FINDLAY,Anastasia PAPAGIANNOPOULOU,Claudia FASSORA,Matjaz KRUSEC,Helene CUCUPHAT,Senem AHISKAL,Alla SHEKHOVTSOVA,Vera TAUCHMANOVA,ISU,GBR,GRE,SUI,SVN,FRA,TUR,RUS,CZE
GPF_1112,LADIES_SP,Julia ANDREEVA,Feng HUANG,Karen HOWARD,Jarmila PORTOVA,Tomie FUKUDOME,Laimute KRAUZIENE,Massimo ORLANDINI,Jan HOFFMANN,Deveny DECK,RUS,CHN,CAN,CZE,JPN,LTU,ITA,GER,USA
GPF_1617,LADIES_SP,Francis BETSCH,Nicole LEBLANC-RICHARD,Olga KOZHEMYAKINA,Angelique CLYDE-SMITH,Jung-Sue LEE,Guangying QIN,Jana BAUDYSOVA,Tomie FUKUDOME,Deveny DECK,FRA,CAN,RUS,AUS,KOR,CHN,CZE,JPN,USA
4CC_1011,MEN_SP,Leanna CARON,Hailan JIANG,Neil GARRARD,Eddy WU,Chihee RHEE,Masako KUBOTA,Evgeni ROKHIN,Deborah NOYES,Deveny DECK,CAN,CHN,ZAF,TWN,KOR,JPN,UZB,AUS,USA
4CC_1617,LADIES_FS,Lynne DEY,Eddy WU,Saodat NUMANOVA,Neil GARRARD,Dan FANG,Peter RANKIN,Lone VILLEFRANCE,Shizuko UGAKI,Deveny DECK,CAN,TWN,UZB,ZAF,CHN,AUS,DEN,JPN,USA
4CC_1516,MEN_FS,Yuri GUSKOV,Sung-Hee KOH,Saodat NUMANOVA,Catherine L TAYLOR,Nobuhiko YOSHIOKA,Ariadna MORONES NEGRETE,Jozica PODBEVSEK,Sally REHORICK,Deveny DECK,KAZ,KOR,UZB,AUS,JPN,MEX,SLO,CAN,USA
GPCAN_1415,LADIES_SP,Marco BUTTARELLI,William S SMITH,Jodi ABBOTT,Jung-Sue LEE,Guangying QIN,Emilie BILLOW,Sakae YAMAMOTO,Jan HOFFMANN,Maira ABASOVA,ITA,USA,CAN,KOR,CHN,SWE,JPN,GER,RUS
GPCAN_1516,MEN_SP,Christiane MOERTH,Doug WILLIAMS,Vera TAUCHMANOVA,Shizuko UGAKI,Walter TOIGO,Andrea DERBY,Chihee RHEE,Daniel DELFA,Maira ABASOVA,AUT,USA,CZE,JPN,ITA,CAN,KOR,ESP,RUS
OLY_1314,MEN_FS,Igor OBRAZTSOV,Yukiko OKABE,Kadi ZVIRIK,Stanislava SMIDOVA,Daniel DELFA,Peter LEVIN,Samuel AUXIER,Jan HOFFMANN,Francoise DE RAPPARD,RUS,JPN,EST,CZE,ESP,SWE,USA,GER,BEL
GPFRA_1920,LADIES_SP,Karin EHRHARDT,Nobuhiko YOSHIOKA,Claudia FASSORA,Deveny DECK,Olga KOZHEMYAKINA,Helene CUCUPHAT,Alexei BELETSKI,Malgorzata SOBKOW,Francoise DE RAPPARD,AUT,JPN,SUI,USA,RUS,FRA,ISR,POL,BEL
GPFRA_1920,LADIES_FS,Karin EHRHARDT,Nobuhiko YOSHIOKA,Claudia FASSORA,Deveny DECK,Olga KOZHEMYAKINA,Helene CUCUPHAT,Alexei BELETSKI,Malgorzata SOBKOW,Francoise DE RAPPARD,AUT,JPN,SUI,USA,RUS,FRA,ISR,POL,BEL
WC_1314,LADIES_FS,Deborah NOYES,Kristina LUNDGREN,Laimute KRAUZIENE,Dagmar LURZ-PROTT,Cynthia BENSON,Anthony LEROY,Yury KLIUSHNIKOV,Kristina HOUWING,Francoise DE RAPPARD,AUS,USA,LTU,GER,CAN,FRA,AZE,SWE,BEL
EC_1213,MEN_SP,Philippe MERIGUET,Saioa SANCHO,Katalin BALCZO,Kersten BELLMANN,Anna KANTOR,Ebru ANILDI,Asa NORDBACK,Lone AMSTRUP LINNEMANN,Francoise DE RAPPARD,FRA,ESP,HUN,GER,ISR,TUR,SWE,DEN,BEL
EC_1011,LADIES_SP,Yury KLIUSHNIKOV,Peter LEVIN,Zsuzsanna VIKARNE-HOMOLYA,Antica GRUBISIC,Christiane MILES,Gloria MORANDI,Gavril VELCHEV,Ebru ANILDI,Francoise DE RAPPARD,AZE,SWE,HUN,CRO,SUI,ITA,ISU,TUR,BEL
EC_1011,MEN_FS,Alla SHEKHOVTSOVA,Saioa SANCHO,Halina GORDON POLTORAK,Mona JONSSON,Laimute KRAUZIENE,Alexander PENCHEV,Marina BESCHEA,Birgit FOELL,Francoise DE RAPPARD,RUS,ESP,POL,SWE,LTU,ISU,ROM,GER,BEL
GPFRA_1011,MEN_SP,Vladislav PETUKHOV,Weiguang CHEN,Yoshiko KOBAYASHI,Andrea DERBY,Joyce D KOMPERDA,Jarmila PORTOVA,Francis BETSCH,Jan HOFFMANN,Igor OBRAZTSOV,UKR,CHN,JPN,CAN,USA,CZE,FRA,GER,RUS
GPCAN_1213,MEN_FS,Kenji AMAKO,Anne G SHEAN,Prisca BINZ-MOSER,Elisabeth LOUESDON,Leslie KEEN,Daniela TACCANI,Daniel DELFA,Lone VILLEFRANCE,Igor OBRAZTSOV,JPN,USA,SUI,FRA,CAN,ITA,ESP,DEN,RUS
GPF_1213,MEN_FS,Jodi ABBOTT,Marta OLOZAGARRE,Philippe MERIGUET,Richard KOSINA,Samuel AUXIER,Yumin WANG,Merja KOSONEN,Tomie FUKUDOME,Igor OBRAZTSOV,CAN,ESP,FRA,CZE,USA,CHN,FIN,JPN,RUS
GPRUS_1314,MEN_FS,Leslie KEEN,Kristina LUNDGREN,Nobuhiko YOSHIOKA,Elke TREITZ,David MUNOZ,Elisabeth LOUESDON,Alexei SHIRSHOV,Vladislav PETUKHOV,Igor OBRAZTSOV,CAN,USA,JPN,GER,ESP,FRA,BLR,UKR,RUS
GPRUS_1011,LADIES_FS,Anne CAMMETT,Tiziana MORANDI,Leslie KEEN,Zanna KULIK,Lenka BOHUNICKA,Diana BARBACCI LEVY,Masako KUBOTA,Helene CUCUPHAT,Igor OBRAZTSOV,USA,ITA,CAN,EST,SVK,SUI,JPN,FRA,RUS
GPJPN_1112,MEN_FS,Elisabeth LOUESDON,Daniela TACCANI,Yumin WANG,Ayumi KOZUKA,Miroslav MISUREC,Hal MARRON,Tricia MORITZ,Jean SENFT,Igor OBRAZTSOV,FRA,ITA,CHN,JPN,CZE,USA,AUS,CAN,RUS
GPUSA_1516,MEN_FS,Weiguang CHEN,Nicole LEBLANC-RICHARD,Nobuhiko YOSHIOKA,Anthony LEROY,Yuri GUSKOV,Anna KANTOR,Todd BROMLEY,Alexandra FORD,Igor OBRAZTSOV,CHN,CAN,JPN,FRA,KAZ,ISR,USA,AUS,RUS
GPUSA_1314,MEN_FS,Florence VUYLSTEKER,Karen HOWARD,Masako KUBOTA,William S SMITH,Yuri GUSKOV,Maira ABASOVA,Massimo ORLANDINI,Laimute KRAUZIENE,Mona JONSSON,FRA,CAN,JPN,USA,KAZ,RUS,ITA,LTU,SWE
GPUSA_1314,LADIES_FS,Robert ROSENBLUTH,Massimo ORLANDINI,Mayumi KATO,Salome CHIGOGIDZE,Karen HOWARD,Florence VUYLSTEKER,Wendy LANGTON,Alexander KOGAN,Mona JONSSON,USA,ITA,JPN,GEO,CAN,FRA,AUS,RUS,SWE
EC_1314,MEN_SP,Elizabeth LITTLER,Donatella LEONELLI,Mona JONSSON,Igor OBRAZTSOV,Irina MEDVEDEVA,Hanna THEN,Stanislava SMIDOVA,Laimute KRAUZIENE,Ebru ANILDI,GBR,SUI,SWE,RUS,AZE,POL,CZE,LTU,TUR
EC_1718,LADIES_SP,Adrienn SCHADENBAUER,Kari-Anne OLSEN,Saioa SANCHO,Ann FINDLAY,Zanna KULIK,Donatella LEONELLI,Julia ANDREEVA,Attila SOOS,Ebru ANILDI,AUT,NOR,ESP,GBR,EST,SUI,RUS,HUN,TUR
EC_1617,MEN_SP,Olga KOZHEMYAKINA,Karin EHRHARDT,Kristina HOUWING,Ekaterina SEROVA,Kari-Anne OLSEN,Agnieszka SWIDERSKA,Ulla FAIG,Bettina MEIER,Ebru ANILDI,RUS,AUT,SWE,BLR,NOR,POL,GER,SUI,TUR
WC_1516,LADIES_FS,Igor FEDCHENKO,Elisabeth LOUESDON,Na Young AHN,Nicole VAN GERWEN-MAAS,Jana BAUDYSOVA,Leena KURRI,Jean SENFT,Laimute KRAUZIENE,Ayumi KOZUKA,UKR,FRA,KOR,NED,CZE,FIN,CAN,LTU,JPN
GPF_1617,MEN_FS,Feng HUANG,Philippe MERIGUET,Beth CRANE,Lorrie PARKER,Jung-Sue LEE,Julia ANDREEVA,Anna KANTOR,Marta OLOZAGARRE,Ayumi KOZUKA,CHN,FRA,CAN,USA,KOR,RUS,ISR,ESP,JPN
GPJPN_1112,MEN_SP,Miroslav MISUREC,Igor OBRAZTSOV,Tricia MORITZ,Daniela TACCANI,Hal MARRON,Yumin WANG,Elisabeth LOUESDON,Jean SENFT,Ayumi KOZUKA,CZE,RUS,AUS,ITA,USA,CHN,FRA,CAN,JPN
GPCAN_1718,MEN_SP,Deborah ISLAM,Philippe MERIGUET,Tae Ri LEE,Lolita LABUNSKAIYA,Roger GLENN,Francoise DE RAPPARD,Alison RYAN,Vera TAUCHMANOVA,Ayumi KOZUKA,CAN,FRA,KOR,RUS,USA,BEL,AUS,CZE,JPN
GPCAN_1718,MEN_FS,Deborah ISLAM,Philippe MERIGUET,Tae Ri LEE,Lolita LABUNSKAIYA,Roger GLENN,Francoise DE RAPPARD,Alison RYAN,Vera TAUCHMANOVA,Ayumi KOZUKA,CAN,FRA,KOR,RUS,USA,BEL,AUS,CZE,JPN
GPF_1415,LADIES_SP,Elena FOMINA,Tomie FUKUDOME,Tamie CAMPBELL,Leslie KEEN,Feng HUANG,Daniel DELFA,Valerie GREUGNY,Allan BOEHM,Attila SOOS,RUS,JPN,USA,CAN,CHN,ESP,FRA,SVK,HUN
GPRUS_1112,MEN_SP,Samuel AUXIER,Jana BAUDYSOVA,Noriko SHIROTA,Laimute KRAUZIENE,Igor DOLGUSHIN,Andrea DERBY,Tiziana MIORINI,Saioa SANCHO,Attila SOOS,USA,CZE,JPN,LTU,RUS,CAN,ITA,ESP,HUN
GPRUS_1213,LADIES_SP,Olga KOZHEMYAKINA,Anne CAMMETT,Peter LEVIN,Daniel DELFA,Noriko SHIROTA,Nikolai SALNIKOV,Leanna CARON,Mika SAARELAINEN,Attila SOOS,RUS,USA,SWE,ESP,JPN,EST,CAN,FIN,HUN
GPF_1415,MEN_SP,Jung-Sue LEE,Yumin WANG,Julia ANDREEVA,Yukiko OKABE,Susan HEFFERNAN,Jarmila PORTOVA,Marta OLOZAGARRE,Allan BOEHM,Joseph INMAN,KOR,CHN,RUS,JPN,CAN,CZE,ESP,SVK,USA
WC_1718,LADIES_FS,Masako KUBOTA,Natalia KRUGLOVA,Matjaz KRUSEC,Marketa HORKLOVA,Francoise DE RAPPARD,Pirjo ELO,Lynne DEY,Allan BOEHM,Catherine TAYLOR,JPN,UKR,SVN,CZE,BEL,FIN,CAN,SVK,AUS
GPCAN_1112,MEN_SP,Valerie GREUGNY,Karen HOWARD,Christine BLANC,Kitty DELIO LAFORTE,Yukiko OKABE,Daniel DELFA,Yuri GUSKOV,Heinz-Ulrich WALTHER,Katarina HENRIKSSON,FRA,CAN,SUI,USA,JPN,ESP,KAZ,GER,SWE
GPRUS_1415,MEN_FS,Kristina LUNDGREN,Igor DOLGUSHIN,Andre-Marc ALLAIN,Alexei SHIRSHOV,Massimo ORLANDINI,Masako KUBOTA,Jarmila PORTOVA,Daniel DELFA,Katarina HENRIKSSON,USA,RUS,CAN,BLR,ITA,JPN,CZE,ESP,SWE
GPCHN_1718,MEN_SP,Mark STORTON,Lorrie PARKER,Janice HUNTER,Weiguang CHEN,Nobuhiko YOSHIOKA,Walter TOIGO,Maira ABASOVA,Daniel DELFA,Katarina HENRIKSSON,AUS,USA,CAN,CHN,JPN,ITA,RUS,ESP,SWE
GPCHN_1718,MEN_FS,Mark STORTON,Lorrie PARKER,Janice HUNTER,Weiguang CHEN,Nobuhiko YOSHIOKA,Walter TOIGO,Maira ABASOVA,Daniel DELFA,Katarina HENRIKSSON,AUS,USA,CAN,CHN,JPN,ITA,RUS,ESP,SWE
GPRUS_1415,MEN_SP,Masako KUBOTA,Alexei SHIRSHOV,Igor DOLGUSHIN,Kristina LUNDGREN,Jarmila PORTOVA,Massimo ORLANDINI,Andre-Marc ALLAIN,Daniel DELFA,Katarina HENRIKSSON,JPN,BLR,RUS,USA,CZE,ITA,CAN,ESP,SWE
GPRUS_1415,LADIES_SP,Jung-Sue LEE,Attila SOOS,Mayumi KATO,Olga KOZHEMYAKINA,Andre-Marc ALLAIN,Elke TREITZ,Kristina LUNDGREN,Irina MEDVEDEVA,Katarina HENRIKSSON,KOR,HUN,JPN,RUS,CAN,GER,USA,AZE,SWE
GPUSA_1617,MEN_FS,Kristina LUNDGREN,Alexei BELETSKI,Maira ABASOVA,Lisa JELINEK,Cynthia BENSON,Franco BENINI,Yuri GUSKOV,Masako KUBOTA,Tianyi ZHANG,USA,ISR,RUS,AUS,CAN,ITA,KAZ,JPN,CHN
4CC_1314,LADIES_FS,Joanna MILLER,Susan BLATZ,Na Young AHN,Neil GARRARD,Paula M NAUGHTON,Weiguang CHEN,Ariadna MORONES NEGRETE,Masako KUBOTA,Susan PETRICEVIC,AUS,CAN,KOR,ZAF,USA,CHN,MEX,JPN,NZL
4CC_1516,LADIES_SP,Angelique CLYDE-SMITH,Sasha MARTINEZ,Sakae YAMAMOTO,Nicole LEBLANC-RICHARD,Wendy ENZMANN,Na Young AHN,Yumin WANG,Neil GARRARD,Susan PETRICEVIC,AUS,MEX,JPN,CAN,USA,KOR,CHN,ZAF,NZL
GPFRA_1617,MEN_SP,Elisabeth LOUESDON,Massimo ORLANDINI,Masako KUBOTA,Steve WINKLER,Olga KOZHEMYAKINA,Saodat NUMANOVA,Yuri GUSKOV,Francoise DE RAPPARD,Daniel DELFA,FRA,ITA,JPN,USA,RUS,UZB,KAZ,BEL,ESP
GPCHN_1516,MEN_FS,Sung-Hee KOH,Dan CHEN,Kenji AMAKO,Alla SHEKHOVTSOVA,Lorrie PARKER,Saodat NUMANOVA,Dan FANG,Sally REHORICK,Daniel DELFA,KOR,HKG,JPN,RUS,USA,UZB,CHN,CAN,ESP
GPF_1011,MEN_FS,Ulf DENZER,Yukiko OKABE,Roger GLENN,Jarmila PORTOVA,Hailan JIANG,Francis BETSCH,Elena FOMINA,Francoise DE RAPPARD,Deborah ISLAM,GER,JPN,USA,CZE,CHN,FRA,RUS,BEL,CAN
GPF_1920,MEN_SP,Anthony LEROY,Wei SHI,Elisabeth BINDER,Olga KOZHEMYAKINA,Mami MAEDA,Walter TOIGO,Wendy ENZMANN,Salome CHIGOGIDZE,Deborah ISLAM,FRA,CHN,AUT,RUS,JPN,ITA,USA,GEO,CAN
GPF_1920,MEN_FS,Anthony LEROY,Wei SHI,Elisabeth BINDER,Olga KOZHEMYAKINA,Mami MAEDA,Walter TOIGO,Wendy ENZMANN,Salome CHIGOGIDZE,Deborah ISLAM,FRA,CHN,AUT,RUS,JPN,ITA,USA,GEO,CAN
GPFRA_1415,LADIES_SP,Vera TAUCHMANOVA,Francis BETSCH,Leanna CARON,Lolita LABUNSKAIYA,Tiziana MORANDI,Joyce D KOMPERDA,Ayumi KOZUKA,Francoise DE RAPPARD,Yumin WANG,CZE,FRA,CAN,RUS,ITA,USA,JPN,BEL,CHN
GPFRA_1415,LADIES_FS,Tiziana MORANDI,Ayumi KOZUKA,Lolita LABUNSKAIYA,Francoise DE RAPPARD,Leanna CARON,Joyce D KOMPERDA,Vera TAUCHMANOVA,Francis BETSCH,Yumin WANG,ITA,JPN,RUS,BEL,CAN,USA,CZE,FRA,CHN
GPF_1112,MEN_SP,Alla SHEKHOVTSOVA,Leanna CARON,Sakae YAMAMOTO,Daniel DELFA,Jarmila PORTOVA,Yury KLIUSHNIKOV,Robert ROSENBLUTH,Francis BETSCH,Yumin WANG,RUS,CAN,JPN,ESP,CZE,AZE,USA,FRA,CHN
GPCHN_1920,LADIES_SP,Hye Yong YUN,Patricia MORITZ,Andre-Marc ALLAIN,Tomie FUKUDOME,Melody Tan Tan YIP,Chihee RHEE,Alexei BELETSKI,Elena FOMINA,Yumin WANG,PRK,AUS,CAN,JPN,HKG,KOR,ISR,RUS,CHN
GPCHN_1920,LADIES_FS,Hye Yong YUN,Patricia MORITZ,Andre-Marc ALLAIN,Tomie FUKUDOME,Melody Tan Tan YIP,Chihee RHEE,Alexei BELETSKI,Elena FOMINA,Yumin WANG,PRK,AUS,CAN,JPN,HKG,KOR,ISR,RUS,CHN
GPUSA_1415,MEN_SP,Alexei BELETSKI,Philippe MERIGUET,Leslie KEEN,Tamie CAMPBELL,Lolita LABUNSKAIYA,Mami MAEDA,Kylie Anne YACOPETTI,Francoise DE RAPPARD,Yuri GUSKOV,ISR,FRA,CAN,USA,RUS,JPN,AUS,BEL,KAZ
GPFRA_1718,LADIES_SP,Daniela TACCANI,Jean SENFT,Elisabeth LOUESDON,Olga KOZHEMYAKINA,Dan FANG,Malgorzata SOBKOW,Yuko OGAWA,Peggy GRAHAM,Yuri GUSKOV,ITA,CAN,FRA,RUS,CHN,POL,JPN,USA,KAZ
GPFRA_1718,LADIES_FS,Daniela TACCANI,Jean SENFT,Elisabeth LOUESDON,Olga KOZHEMYAKINA,Dan FANG,Malgorzata SOBKOW,Yuko OGAWA,Peggy GRAHAM,Yuri GUSKOV,ITA,CAN,FRA,RUS,CHN,POL,JPN,USA,KAZ
GPUSA_1112,MEN_FS,Claudia BRAMBATI,Mayumi KATO,Lolita LABUNSKAIYA,Hely ABBONDATI,Jarmila PORTOVA,Francis BETSCH,Kerstin KIMMINUS,Francoise DE RAPPARD,Peggy GRAHAM,ITA,JPN,RUS,FIN,CZE,FRA,GER,BEL,USA
GPUSA_1415,LADIES_SP,Kylie Anne YACOPETTI,Philippe MERIGUET,Julia ANDREEVA,Na Young AHN,Anastassia MAKAROVA,Wei SHI,Peter LEVIN,Tomie FUKUDOME,Peggy GRAHAM,AUS,FRA,RUS,KOR,UKR,CHN,SWE,JPN,USA
WC_1415,MEN_FS,Guangying QIN,Daniel DELFA,Beth CRANE,Anna KANTOR,Yuri GUSKOV,Vladislav PETUKHOV,Daniela CAVELLI,Francoise DE RAPPARD,Jana BAUDYSOVA,CHN,ESP,CAN,ISR,KAZ,UKR,ITA,BEL,CZE
WC_1314,MEN_FS,Anna KANTOR,Yuri GUSKOV,Kadi ZVIRIK,Jia YAO,Kersten BELLMANN,Walter TOIGO,Vladislav PETUKHOV,Benoit LAVOIE,Jana BAUDYSOVA,ISR,KAZ,EST,CHN,GER,ITA,UKR,CAN,CZE
GPRUS_1112,MEN_FS,Samuel AUXIER,Andrea DERBY,Igor DOLGUSHIN,Laimute KRAUZIENE,Saioa SANCHO,Noriko SHIROTA,Tiziana MIORINI,Attila SOOS,Jana BAUDYSOVA,USA,CAN,RUS,LTU,ESP,JPN,ITA,HUN,CZE
EC_1011,LADIES_FS,Laimute KRAUZIENE,Leena LAAKSONEN,Peter LEVIN,Ebru ANILDI,Antica GRUBISIC,Helle LYNGBERG,Gavril VELCHEV,Francoise DE RAPPARD,Ernestien BAKKER,LTU,FIN,SWE,TUR,CRO,ISU,ISU,BEL,NED
EC_1617,LADIES_FS,Vessela POPOVA,Zanna KULIK,Andrea GMELIN,Tarja RISTANEN,Francoise DE RAPPARD,Osman SIRVAN,Daniel DELFA,Teri SEDEJ,Ernestien BAKKER,BGR,EST,ROU,FIN,BEL,TUR,ESP,SVN,NED
GPFRA_1718,MEN_SP,Daniel DELFA,Elisabeth LOUESDON,Albert ZAYDMAN,Yuko OGAWA,Peggy GRAHAM,Salome CHIGOGIDZE,Yuri GUSKOV,Igor DOLGUSHIN,Saodat NUMANOVA,ESP,FRA,ISR,JPN,USA,GEO,KAZ,RUS,UZB
GPFRA_1718,MEN_FS,Daniel DELFA,Elisabeth LOUESDON,Albert ZAYDMAN,Yuko OGAWA,Peggy GRAHAM,Salome CHIGOGIDZE,Yuri GUSKOV,Igor DOLGUSHIN,Saodat NUMANOVA,ESP,FRA,ISR,JPN,USA,GEO,KAZ,RUS,UZB
4CC_1718,MEN_SP,Leslie KEEN,Peggy GRAHAM,Angelique CLYDE-SMITH,Masako KUBOTA,Weiguang CHEN,Na Young AHN,Magdalena RUSIECKA,Yuri GUSKOV,Saodat NUMANOVA,CAN,USA,AUS,JPN,CHN,KOR,POL,KAZ,UZB
WC_1011,LADIES_FS,Stanislava SMIDOVA,Antica GRUBISIC,Igor FEDCHENKO,Prisca BINZ-MOSER,Tarja RISTANEN,Georgi DIMKOV,Mateja AVBREHT,Igor DOLGUSHIN,Evgeni ROKHIN,CZE,CRO,UKR,SUI,FIN,ISU,SLO,RUS,UZB
4CC_1314,MEN_SP,Yuri GUSKOV,Eddy WU,Jung-Sue LEE,Kenji AMAKO,Jia YAO,Lorrie PARKER,Andrea DERBY,Catherine L TAYLOR,Evgeni ROKHIN,KAZ,TWN,KOR,JPN,CHN,USA,CAN,AUS,UZB
WC_1011,LADIES_SP,Prisca BINZ-MOSER,Igor FEDCHENKO,Saioa SANCHO,Georgi DIMKOV,Evgeni ROKHIN,Tarja RISTANEN,Stanislava SMIDOVA,Igor DOLGUSHIN,Deborah NOYES,SUI,UKR,ESP,ISU,UZB,FIN,CZE,RUS,AUS
4CC_1011,MEN_FS,Leanna CARON,Chihee RHEE,Eddy WU,Evgeni ROKHIN,Hailan JIANG,Deveny DECK,Masako KUBOTA,Neil GARRARD,Deborah NOYES,CAN,KOR,TWN,UZB,CHN,USA,JPN,ZAF,AUS
4CC_1112,LADIES_FS,Leslie KEEN,Na Young AHN,Eddy WU,Neil GARRARD,Anne CAMMETT,Jia YAO,Sasha MARTINEZ,Tomiko YAMADA,Deborah NOYES,CAN,KOR,TWN,ZAF,USA,CHN,MEX,JPN,AUS
OLY_1314,LADIES_SP,Robert ROSENBLUTH,Karen HOWARD,Franco BENINI,Birgit FOELL,Diana STEVENS,Nobuhiko YOSHIOKA,Katarina HENRIKSSON,Adriana DOMANSKA,Sung-Hee KOH,USA,CAN,ITA,GER,GBR,JPN,SWE,SVK,KOR
GPCHN_1516,LADIES_FS,Lolita LABUNSKAIYA,Dan CHEN,Allan BOEHM,Eddy WU,Kenji AMAKO,Yumin WANG,Lorrie PARKER,Malgorzata SOBKOW,Sung-Hee KOH,RUS,HKG,SVK,TWN,JPN,CHN,USA,POL,KOR
4CC_1617,MEN_SP,Ko-Man TING,Jia YAO,Sandra WILLIAMSON-LEADLEY,Lorrie PARKER,Sasha MARTINEZ,Masako KUBOTA,Nicole LEBLANC-RICHARD,Lisa JELINEK,Sung-Hee KOH,TWN,CHN,NZL,USA,MEX,JPN,CAN,AUS,KOR
GPUSA_1718,LADIES_SP,Jeff LUKASIK,Robert ROSENBLUTH,Akiko KOBAYASHI,Julia ANDREEVA,Guangying QIN,Sasha MARTINEZ,So Young AN,Adriana DOMANSKA,Marta OLOZAGARRE,CAN,USA,JPN,RUS,CHN,MEX,KOR,SVK,ESP
GPUSA_1718,LADIES_FS,Jeff LUKASIK,Robert ROSENBLUTH,Akiko KOBAYASHI,Julia ANDREEVA,Guangying QIN,Sasha MARTINEZ,So Young AN,Adriana DOMANSKA,Marta OLOZAGARRE,CAN,USA,JPN,RUS,CHN,MEX,KOR,SVK,ESP
GPF_1213,MEN_SP,Samuel AUXIER,Jodi ABBOTT,Merja KOSONEN,Richard KOSINA,Igor OBRAZTSOV,Yumin WANG,Philippe MERIGUET,Tomie FUKUDOME,Marta OLOZAGARRE,USA,CAN,FIN,CZE,RUS,CHN,FRA,JPN,ESP
EC_1819,LADIES_FS,Pia ALHONEN,Agita ABELE,Yury KLIUSHNIKOV,Kadi ZVIRIK,Lone AMSTRUP LINNEMANN,Laimute KRAUZIENE,Lenka BOHUNICKA,Sviatoslav BABENKO,Marta OLOZAGARRE,FIN,LAT,AZE,EST,DEN,LTU,SVK,RUS,ESP
GPRUS_1516,MEN_FS,Asa NORDBACK,Tomie FUKUDOME,Taffy HOLLIDAY,Natalia PRIMACHENKO,Alexei BELETSKI,Sissy KRICK,Leanna CARON,Tiziana MIORINI,Marta OLOZAGARRE,SWE,JPN,USA,RUS,ISR,GER,CAN,ITA,ESP
EC_1718,MEN_FS,Hege ROSTO JENSEN,Salome CHIGOGIDZE,Claudia FASSORA,Senem AHISKAL,Florence VUYLSTEKER,Ulla FAIG,Natalia KRUGLOVA,Adriana DOMANSKA,Jeroen PRINS,NOR,GEO,SUI,TUR,FRA,GER,UKR,SVK,NED
GPFRA_1314,LADIES_SP,Jodi ABBOTT,Robert ROSENBLUTH,Gloria MORANDI,Alla SHEKHOVTSOVA,Yoshiko KOBAYASHI,Helene CUCUPHAT,Katarina HENRIKSSON,Marjo KANKAANRANTA,Brigitte WENDT,CAN,USA,ITA,RUS,JPN,FRA,SWE,FIN,GER
GPCAN_1011,LADIES_FS,Ursula STAHL,Todd BROMLEY,Svetlana KANDYBA,Noriko SHIROTA,Karen HOWARD,Christine BLANC,Saioa SANCHO,Leena KURRI,Brigitte WENDT,AUT,USA,RUS,JPN,CAN,SUI,ESP,FIN,GER
EC_1516,MEN_SP,Zanna KULIK,Richard GRAINGE,Yury KLIUSHNIKOV,Gloria MORANDI,Senem AHISKAL,Olga KOZHEMYAKINA,Saioa SANCHO,Marjo KANKAANRANTA,Anthony LEROY,EST,GBR,AZE,ITA,TUR,RUS,ESP,FIN,FRA
GPUSA_1516,LADIES_FS,Adriana DOMANSKA,Yuri GUSKOV,Nobuhiko YOSHIOKA,Guangying QIN,Kristina LUNDGREN,Lolita LABUNSKAIYA,Lynne DEY,Jung-Sue LEE,Anthony LEROY,SVK,KAZ,JPN,CHN,USA,RUS,CAN,KOR,FRA
GPF_1718,MEN_SP,Deveny DECK,Sakae YAMAMOTO,Olga KOZHEMYAKINA,Kersten BELLMANN,Weiguang CHEN,Leanna CARON,Saodat NUMANOVA,Emilie BILLOW,Anthony LEROY,USA,JPN,RUS,GER,CHN,CAN,UZB,SWE,FRA
GPF_1718,MEN_FS,Deveny DECK,Sakae YAMAMOTO,Olga KOZHEMYAKINA,Kersten BELLMANN,Weiguang CHEN,Leanna CARON,Saodat NUMANOVA,Emilie BILLOW,Anthony LEROY,USA,JPN,RUS,GER,CHN,CAN,UZB,SWE,FRA
GPCHN_1314,MEN_SP,Guangying QIN,Julia ANDREEVA,Leslie KEEN,Dan CHEN,Shizuko UGAKI,Yuri GUSKOV,Hal MARRON,Sissy KRICK,Anthony LEROY,CHN,RUS,CAN,HKG,JPN,KAZ,USA,GER,FRA
GPCAN_1819,MEN_SP,Anna KANTOR,Rebecca ANDREW,Igor OBRAZTSOV,Glenn FORTIN,Asa NORDBACK,So Young AN,Shizuko UGAKI,Taffy HOLLIDAY,Anthony LEROY,ISR,AUS,RUS,CAN,SWE,KOR,JPN,USA,FRA
GPCAN_1819,MEN_FS,Anna KANTOR,Rebecca ANDREW,Igor OBRAZTSOV,Glenn FORTIN,Asa NORDBACK,So Young AN,Shizuko UGAKI,Taffy HOLLIDAY,Anthony LEROY,ISR,AUS,RUS,CAN,SWE,KOR,JPN,USA,FRA
GPCAN_1415,MEN_FS,Lise ROSTO JENSEN,Igor OBRAZTSOV,Jeff LUKASIK,Saioa SANCHO,William S SMITH,Emilie BILLOW,Jana BAUDYSOVA,Sakae YAMAMOTO,Anthony LEROY,NOR,RUS,CAN,ESP,USA,SWE,CZE,JPN,FRA
WC_1213,MEN_FS,Nadezhda FIODOROVA,Daniel DELFA,Volker WALDECK,Walter TOIGO,Elena FOMINA,Nobuhiko YOSHIOKA,Jarmila PORTOVA,Anna SIEROCKA,Tatiana YORDANOVA,BLR,ESP,GER,ITA,RUS,JPN,CZE,POL,BUL
GPCAN_1112,LADIES_SP,Valerie GREUGNY,Alexander KOGAN,Yukiko OKABE,Ulla FAIG,Katarina HENRIKSSON,Jeff LUKASIK,Christine BLANC,Kitty DELIO LAFORTE,Tatiana YORDANOVA,FRA,RUS,JPN,GER,SWE,CAN,SUI,USA,BUL
WC_1718,MEN_FS,Agita ABELE,Tarja RISTANEN,Eddy WU,Susan BLATZ,Peter RANKIN,Veronique VERRUE,Anna KANTOR,Anna SIEROCKA,Wendy ENZMANN,LAT,FIN,TWN,CAN,AUS,FRA,ISR,POL,USA
GPJPN_1112,LADIES_SP,Leslie KEEN,Elena FOMINA,Salome CHIGOGIDZE,Elisabeth LOUESDON,Tarja RISTANEN,Tomiko YAMADA,Tricia MORITZ,Evgeni ROKHIN,Wendy ENZMANN,CAN,RUS,GEO,FRA,FIN,JPN,AUS,UZB,USA
GPFIN_1819,MEN_SP,Albert ZAYDMAN,Dan FANG,Julia ANDREEVA,Francoise DE RAPPARD,Tarja RISTANEN,Karen ARCHER,Vera TAUCHMANOVA,Nobuhiko YOSHIOKA,Wendy ENZMANN,ISR,CHN,RUS,BEL,FIN,GBR,CZE,JPN,USA
GPFIN_1819,MEN_FS,Albert ZAYDMAN,Dan FANG,Julia ANDREEVA,Francoise DE RAPPARD,Tarja RISTANEN,Karen ARCHER,Vera TAUCHMANOVA,Nobuhiko YOSHIOKA,Wendy ENZMANN,ISR,CHN,RUS,BEL,FIN,GBR,CZE,JPN,USA
GPUSA_1112,LADIES_SP,Elizabeth CLARK,Salome CHIGOGIDZE,Olga KOZHEMYAKINA,Mayumi KATO,Susanne WAHLSTROEM,Volker WALDECK,Claudia BRAMBATI,Hely ABBONDATI,Wendy ENZMANN,CAN,GEO,RUS,JPN,SWE,GER,ITA,FIN,USA
GPF_1314,MEN_FS,Sakae YAMAMOTO,Yumin WANG,Samuel AUXIER,Florence VUYLSTEKER,Daniel DELFA,Alla SHEKHOVTSOVA,Jarmila PORTOVA,Elke TREITZ,Karen BUTCHER,JPN,CHN,USA,FRA,ESP,RUS,CZE,GER,CAN
GPCHN_1617,LADIES_FS,Samuel AUXIER,Melody Tan Tan YIP,Claudia BRAMBATI,Shizuko UGAKI,Patricia MORITZ,Guona ZHAO,Julia ANDREEVA,Mona JONSSON,Karen BUTCHER,USA,HKG,ITA,JPN,AUS,CHN,RUS,SWE,CAN
GPUSA_1112,MEN_SP,Mayumi KATO,Lolita LABUNSKAIYA,Francoise DE RAPPARD,Claudia BRAMBATI,Peggy GRAHAM,Kerstin KIMMINUS,Jarmila PORTOVA,Francis BETSCH,Hely ABBONDATI,JPN,RUS,BEL,ITA,USA,GER,CZE,FRA,FIN
GPFRA_1516,LADIES_SP,David MUNOZ,Raffaella LOCATELLI,Jean SENFT,Pekka LESKINEN,Roger GLENN,Igor DOLGUSHIN,Agita ABELE,Francis BETSCH,Yukiko OKABE,ESP,ITA,CAN,FIN,USA,RUS,LAT,FRA,JPN
GPCAN_1314,LADIES_SP,Marta OLOZAGARRE,Lolita LABUNSKAIYA,Rolf PIPOH,Beth CRANE,Guangying QIN,Taffy HOLLIDAY,Christiane MILES,Leena KURRI,Yukiko OKABE,ESP,RUS,GER,CAN,CHN,USA,SUI,FIN,JPN
GPCAN_1112,LADIES_FS,Ulla FAIG,Kitty DELIO LAFORTE,Katarina HENRIKSSON,Valerie GREUGNY,Alexander KOGAN,Tatiana YORDANOVA,Jeff LUKASIK,Christine BLANC,Yukiko OKABE,GER,USA,SWE,FRA,RUS,BUL,CAN,SUI,JPN
GPJPN_1314,LADIES_SP,Virginia DE AGOSTINI,Samuel AUXIER,Alexander KOGAN,Mayumi KATO,Christian BAUMANN,Salome CHIGOGIDZE,Yumin WANG,Francis BETSCH,Sally REHORICK,ITA,USA,RUS,JPN,GER,GEO,CHN,FRA,CAN
GPFRA_1213,LADIES_FS,Lorrie PARKER,Francoise DE RAPPARD,Shizuko UGAKI,Maira ABASOVA,Thierry MONMINOUX,Jan HOFFMANN,Tiziana MIORINI,Yumin WANG,Sally REHORICK,USA,BEL,JPN,RUS,FRA,GER,ITA,CHN,CAN
GPJPN_1314,LADIES_FS,Salome CHIGOGIDZE,Yumin WANG,Mayumi KATO,Francis BETSCH,Christian BAUMANN,Virginia DE AGOSTINI,Samuel AUXIER,Alexander KOGAN,Sally REHORICK,GEO,CHN,JPN,FRA,GER,ITA,USA,RUS,CAN
GPJPN_1718,LADIES_SP,Thomas BIEGLER,Igor PROKOP,Akira YOSHIZAWA,Walter TOIGO,Jitka MOKRA,Olga KOZHEMYAKINA,Jung-Sue LEE,Deveny DECK,Sally REHORICK,AUT,SVK,JPN,ITA,CZE,RUS,KOR,USA,CAN
GPJPN_1718,LADIES_FS,Thomas BIEGLER,Igor PROKOP,Akira YOSHIZAWA,Walter TOIGO,Jitka MOKRA,Olga KOZHEMYAKINA,Jung-Sue LEE,Deveny DECK,Sally REHORICK,AUT,SVK,JPN,ITA,CZE,RUS,KOR,USA,CAN
GPF_1617,LADIES_FS,Jana BAUDYSOVA,Nicole LEBLANC-RICHARD,Tomie FUKUDOME,Deveny DECK,Guangying QIN,Angelique CLYDE-SMITH,Olga KOZHEMYAKINA,Francis BETSCH,Jung-Sue LEE,CZE,CAN,JPN,USA,CHN,AUS,RUS,FRA,KOR
GPJPN_1718,MEN_SP,Elena FOMINA,Igor PROKOP,Alexei BELETSKI,Leanna CARON,Deveny DECK,Jitka MOKRA,Agita ABELE,Tetsuo ABE,Jung-Sue LEE,RUS,SVK,ISR,CAN,USA,CZE,LAT,JPN,KOR
GPJPN_1718,MEN_FS,Elena FOMINA,Igor PROKOP,Alexei BELETSKI,Leanna CARON,Deveny DECK,Jitka MOKRA,Agita ABELE,Tetsuo ABE,Jung-Sue LEE,RUS,SVK,ISR,CAN,USA,CZE,LAT,JPN,KOR
GPUSA_1516,LADIES_SP,Anthony LEROY,Adriana DOMANSKA,Yuri GUSKOV,Lolita LABUNSKAIYA,Nobuhiko YOSHIOKA,Kristina LUNDGREN,Guangying QIN,Lynne DEY,Jung-Sue LEE,FRA,SVK,KAZ,RUS,JPN,USA,CHN,CAN,KOR
GPRUS_1213,MEN_FS,Mika SAARELAINEN,Alexei SHIRSHOV,Igor OBRAZTSOV,Anne CAMMETT,Daniel DELFA,Noriko SHIROTA,Jarmila PORTOVA,Yuri GUSKOV,Benoit LAVOIE,FIN,BLR,RUS,USA,ESP,JPN,CZE,KAZ,CAN
GPRUS_1011,MEN_SP,Daniel DELFA,Tiziana MORANDI,Helene CUCUPHAT,Olga KOZHEMYAKINA,Masako KUBOTA,Richard KOSINA,Vladislav PETUKHOV,Anne CAMMETT,Benoit LAVOIE,ESP,ITA,FRA,RUS,JPN,CZE,UKR,USA,CAN
GPUSA_1314,MEN_SP,William S SMITH,Laimute KRAUZIENE,Massimo ORLANDINI,Mona JONSSON,Maira ABASOVA,Karen HOWARD,Masako KUBOTA,Yuri GUSKOV,Florence VUYLSTEKER,USA,LTU,ITA,SWE,RUS,CAN,JPN,KAZ,FRA
GPJPN_1011,MEN_SP,Tomiko YAMADA,Kristina HOUWING,Tianyi ZHANG,Lorrie PARKER,Beth CRANE,Francoise DE RAPPARD,Alexander KOGAN,Yuri GUSKOV,Florence VUYLSTEKER,JPN,SWE,CHN,USA,CAN,BEL,RUS,KAZ,FRA
GPJPN_1920,MEN_SP,Kylie Anne YACOPETTI,Albert ZAYDMAN,Igor DOLGUSHIN,Doug WILLIAMS,Deborah ISLAM,Tobias BAYER,Yoko KUNO,Claudia BRAMBATI,Florence VUYLSTEKER,AUS,ISR,RUS,USA,CAN,GER,JPN,ITA,FRA
GPJPN_1920,MEN_FS,Kylie Anne YACOPETTI,Albert ZAYDMAN,Igor DOLGUSHIN,Doug WILLIAMS,Deborah ISLAM,Tobias BAYER,Yoko KUNO,Claudia BRAMBATI,Florence VUYLSTEKER,AUS,ISR,RUS,USA,CAN,GER,JPN,ITA,FRA
GPRUS_1718,LADIES_SP,Julia ANDREEVA,Lorrie PARKER,So Young AN,Veronique VERRUE,Saodat NUMANOVA,Karen BUTCHER,Alexandre GOROJDANOV,Yuri GUSKOV,Paolo PIZZOCARI,RUS,USA,KOR,FRA,UZB,CAN,BLR,KAZ,ITA
GPRUS_1718,LADIES_FS,Julia ANDREEVA,Lorrie PARKER,So Young AN,Veronique VERRUE,Saodat NUMANOVA,Karen BUTCHER,Alexandre GOROJDANOV,Yuri GUSKOV,Paolo PIZZOCARI,RUS,USA,KOR,FRA,UZB,CAN,BLR,KAZ,ITA
EC_1617,LADIES_SP,Agita ABELE,Lise ROSTO JENSEN,Osman SIRVAN,Andrea GMELIN,Zanna KULIK,Ernestien BAKKER,Kvetoslava MATEJOVA,Tarja RISTANEN,Paolo PIZZOCARI,LAT,NOR,TUR,ROU,EST,NED,SVK,FIN,ITA
GPFRA_1011,MEN_FS,Vladislav PETUKHOV,Francis BETSCH,Weiguang CHEN,Jan HOFFMANN,Joyce D KOMPERDA,Andrea DERBY,Jarmila PORTOVA,Igor OBRAZTSOV,Yoshiko KOBAYASHI,UKR,FRA,CHN,GER,USA,CAN,CZE,RUS,JPN
OLY_1314,MEN_SP,Samuel AUXIER,Francoise DE RAPPARD,Guangying QIN,Stanislava SMIDOVA,Evgeni ROKHIN,Peter LEVIN,Anthony LEROY,Igor OBRAZTSOV,Christiane MOERTH,USA,BEL,CHN,CZE,UZB,SWE,FRA,RUS,AUT
WC_1718,MEN_SP,Anna SIEROCKA,Wei SHI,Kenji AMAKO,Saodat NUMANOVA,Tarja RISTANEN,Anna KANTOR,Susan BLATZ,Igor OBRAZTSOV,Peter RANKIN,POL,CHN,JPN,UZB,FIN,ISR,CAN,RUS,AUS
4CC_1819,MEN_SP,Samuel AUXIER,Eddy WU,Nadezhda PARETSKAIA,Sung-Hee KOH,Ariadna MORONES NEGRETE,Dan FANG,Susan BLATZ,Mami MAEDA,Peter RANKIN,USA,TWN,KAZ,KOR,MEX,CHN,CAN,JPN,AUS
GPCAN_1718,LADIES_SP,Tanay OZKAN SILAOGLU,Karen HOWARD,Roger GLENN,Massimo ORLANDINI,Francoise DE RAPPARD,Alison RYAN,Ayumi KOZUKA,Igor OBRAZTSOV,Tae Ri LEE,TUR,CAN,USA,ITA,BEL,AUS,JPN,RUS,KOR
GPCAN_1718,LADIES_FS,Tanay OZKAN SILAOGLU,Karen HOWARD,Roger GLENN,Massimo ORLANDINI,Francoise DE RAPPARD,Alison RYAN,Ayumi KOZUKA,Igor OBRAZTSOV,Tae Ri LEE,TUR,CAN,USA,ITA,BEL,AUS,JPN,RUS,KOR
GPCAN_1920,LADIES_SP,Agita ABELE,Elena FOMINA,Yu WANG,Christiane MILES,Pamela CHISLETT,Laila DAVIDSSON,Stefanie SCHMID MATHEWSON,Sakae YAMAMOTO,Tae Ri LEE,LAT,RUS,CHN,SUI,CAN,SWE,USA,JPN,KOR
GPCAN_1920,LADIES_FS,Agita ABELE,Elena FOMINA,Yu WANG,Christiane MILES,Pamela CHISLETT,Laila DAVIDSSON,Stefanie SCHMID MATHEWSON,Sakae YAMAMOTO,Tae Ri LEE,LAT,RUS,CHN,SUI,CAN,SWE,USA,JPN,KOR
GPCAN_1213,MEN_SP,Daniel DELFA,Leslie KEEN,Anne G SHEAN,Elisabeth LOUESDON,Prisca BINZ-MOSER,Daniela TACCANI,Kenji AMAKO,Igor OBRAZTSOV,Lone VILLEFRANCE,ESP,CAN,USA,FRA,SUI,ITA,JPN,RUS,DEN
GPCHN_1112,MEN_FS,Beth CRANE,Dan CHEN,Philippe MERIGUET,William S SMITH,Vera TAUCHMANOVA,Nobuhiko YOSHIOKA,Sung-Hee KOH,Julia ANDREEVA,Yu WANG,CAN,HKG,FRA,USA,CZE,JPN,KOR,RUS,CHN
GPFRA_1112,MEN_SP,Helene CUCUPHAT,Elke TREITZ,Mona JONSSON,Richard KOSINA,Wei SHI,Paula M NAUGHTON,Masako KUBOTA,Julia ANDREEVA,Karen HOWARD,FRA,GER,SWE,CZE,CHN,USA,JPN,RUS,CAN
GPCAN_1617,LADIES_SP,Lolita LABUNSKAIYA,Katarina HENRIKSSON,Kenji AMAKO,Feng HUANG,Andreas WALDECK,Saodat NUMANOVA,Anne CAMMETT,Chihee RHEE,Karen HOWARD,RUS,SWE,JPN,CHN,GER,UZB,USA,KOR,CAN
GPF_1819,LADIES_SP,Kristina LUNDGREN,Wei SHI,Salome CHIGOGIDZE,Tomie FUKUDOME,Jean SENFT,Jung Sue LEE,Marta OLOZAGARRE,Julia ANDREEVA,Pekka LESKINEN,USA,CHN,GEO,JPN,CAN,KOR,ESP,RUS,FIN
GPF_1819,LADIES_FS,Kristina LUNDGREN,Wei SHI,Salome CHIGOGIDZE,Tomie FUKUDOME,Jean SENFT,Jung Sue LEE,Marta OLOZAGARRE,Julia ANDREEVA,Pekka LESKINEN,USA,CHN,GEO,JPN,CAN,KOR,ESP,RUS,FIN
GPCHN_1617,LADIES_SP,Guona ZHAO,Karen BUTCHER,Samuel AUXIER,Claudia BRAMBATI,Mona JONSSON,Patricia MORITZ,Shizuko UGAKI,Julia ANDREEVA,Melody Tan Tan YIP,CHN,CAN,USA,ITA,SWE,AUS,JPN,RUS,HKG
GPJPN_1516,MEN_SP,Deborah CURRIE,Stanislava SMIDOVA,Jeff LUKASIK,Valerie GREUGNY,Mayumi KATO,Olga KOZHEMYAKINA,Patricia MORITZ,Yumin WANG,Melody Tan Tan YIP,USA,CZE,CAN,FRA,JPN,RUS,AUS,CHN,HKG
GPJPN_1516,LADIES_FS,Danuta DUBROWKO,Valerie GREUGNY,Julia ANDREEVA,Feng HUANG,Sakae YAMAMOTO,Christian BAUMANN,Andre-Marc ALLAIN,Deborah CURRIE,Melody Tan Tan YIP,POL,FRA,RUS,CHN,JPN,GER,CAN,USA,HKG
GPJPN_1819,LADIES_SP,Eddy WU,Alla SHEKHOVTSOVA,Ulla FAIG,Cynthia BENSON,Sakae YAMAMOTO,Mark STORTON,Sung-Hee KOH,Laurie JOHNSON,Fan YANG,TWN,RUS,GER,CAN,JPN,AUS,KOR,USA,CHN
GPJPN_1819,LADIES_FS,Eddy WU,Alla SHEKHOVTSOVA,Ulla FAIG,Cynthia BENSON,Sakae YAMAMOTO,Mark STORTON,Sung-Hee KOH,Laurie JOHNSON,Fan YANG,TWN,RUS,GER,CAN,JPN,AUS,KOR,USA,CHN
WC_1112,MEN_FS,Evgeni ROKHIN,Karin EHRHARDT,Ekaterina SEROVA,Eddy WU,Hailan JIANG,Ebru ANILDI,Sung-Hee KOH,Elena FOMINA,Inger ANDERSSON,UZB,AUT,BLR,TWN,CHN,TUR,KOR,RUS,SWE
GPJPN_1415,MEN_SP,Daniela TACCANI,Nobuhiko YOSHIOKA,Elena FOMINA,Beatrice PFISTER,Hal MARRON,Anja RIST,Sung-Hee KOH,Benoit LAVOIE,Weiguang CHEN,ITA,JPN,RUS,SUI,USA,GER,KOR,CAN,CHN
OLY_1718,MEN_SP,Daniel DELFA,Agita ABELE,Philippe MERIGUET,Saodat NUMANOVA,Sakae YAMAMOTO,Olga KOZHEMYAKINA,Elizabeth RYAN,Janice HUNTER,Weiguang CHEN,ESP,LAT,FRA,UZB,JPN,RUS,AUS,CAN,CHN
WC_1617,MEN_SP,Anna KANTOR,Dagmar LURZ-PROTT,Deborah NOYES,Daniel DELFA,Francoise DE RAPPARD,Margaret WORSFOLD,Saodat NUMANOVA,Gloria MORANDI,Weiguang CHEN,ISR,GER,AUS,ESP,BEL,GBR,UZB,ITA,CHN
4CC_1718,MEN_FS,Yuri GUSKOV,Na Young AHN,Angelique CLYDE-SMITH,Magdalena RUSIECKA,Masako KUBOTA,Leslie KEEN,Saodat NUMANOVA,Peggy GRAHAM,Weiguang CHEN,KAZ,KOR,AUS,POL,JPN,CAN,UZB,USA,CHN
GPJPN_1415,MEN_FS,Hal MARRON,Elena FOMINA,Anja RIST,Beatrice PFISTER,Benoit LAVOIE,Daniela TACCANI,Nobuhiko YOSHIOKA,Sung-Hee KOH,Weiguang CHEN,USA,RUS,GER,SUI,CAN,ITA,JPN,KOR,CHN
GPUSA_1011,LADIES_SP,Salome CHIGOGIDZE,Patricia HOUGHTON,Karen BUTCHER,Paula M NAUGHTON,Mayumi KATO,Merja KOSONEN,Chihee RHEE,Elisabeth LOUESDON,Tiziana MIORINI,GEO,FRA,CAN,USA,JPN,FIN,KOR,FRA,ITA
EC_1516,LADIES_SP,Daniel DELFA,Breda MARINSEK,Leena LAAKSONEN,Mona ADOLFSEN,Margo PAUW,Claire SHEPHERD,Mona JONSSON,Elisabeth LOUESDON,Edith SCHILLER,ESP,SLO,FIN,NOR,NED,GBR,SWE,FRA,AUT
GPRUS_1314,LADIES_FS,Kenji AMAKO,Alexei SHIRSHOV,Kristina LUNDGREN,Claudia BRAMBATI,Irina MEDVEDEVA,Julia ANDREEVA,David MUNOZ,Elisabeth LOUESDON,Andrea DERBY,JPN,BLR,USA,ITA,AZE,RUS,ESP,FRA,CAN
GPFRA_1819,LADIES_SP,Tiziana MORANDI,Ulla FAIG,Etsuko AZUMA,Kevin ROSENSTEIN,Janice HUNTER,Kristina HOUWING,Zivile ATKOCIUNIENE,Elisabeth LOUESDON,Olga KOZHEMYAKINA,ITA,GER,JPN,USA,CAN,SWE,LTU,FRA,RUS
GPFRA_1819,LADIES_FS,Tiziana MORANDI,Ulla FAIG,Etsuko AZUMA,Kevin ROSENSTEIN,Janice HUNTER,Kristina HOUWING,Zivile ATKOCIUNIENE,Elisabeth LOUESDON,Olga KOZHEMYAKINA,ITA,GER,JPN,USA,CAN,SWE,LTU,FRA,RUS
GPRUS_1213,LADIES_FS,Daniel DELFA,Noriko SHIROTA,Nikolai SALNIKOV,Attila SOOS,Leanna CARON,Anne CAMMETT,Mika SAARELAINEN,Peter LEVIN,Olga KOZHEMYAKINA,ESP,JPN,EST,HUN,CAN,USA,FIN,SWE,RUS
GPF_1819,MEN_SP,Jung Sue LEE,Jana BAUDYSOVA,Florence VUYLSTEKER,Doug WILLIAMS,Karen HOWARD,Masako KUBOTA,Merja KOSONEN,Raffaella LOCATELLI,Olga KOZHEMYAKINA,KOR,CZE,FRA,USA,CAN,JPN,FIN,ITA,RUS
GPF_1819,MEN_FS,Jung Sue LEE,Jana BAUDYSOVA,Florence VUYLSTEKER,Doug WILLIAMS,Karen HOWARD,Masako KUBOTA,Merja KOSONEN,Raffaella LOCATELLI,Olga KOZHEMYAKINA,KOR,CZE,FRA,USA,CAN,JPN,FIN,ITA,RUS
GPJPN_1819,MEN_SP,Leslie KEEN,Walter TOIGO,Laurie JOHNSON,Anastassiya MAKAROVA,Rui ZHAO,Sung-Hee KOH,Tomiko YAMADA,Agita ABELE,Olga KOZHEMYAKINA,CAN,ITA,USA,UKR,CHN,KOR,JPN,LAT,RUS
GPJPN_1819,MEN_FS,Leslie KEEN,Walter TOIGO,Laurie JOHNSON,Anastassiya MAKAROVA,Rui ZHAO,Sung-Hee KOH,Tomiko YAMADA,Agita ABELE,Olga KOZHEMYAKINA,CAN,ITA,USA,UKR,CHN,KOR,JPN,LAT,RUS
GPRUS_1112,LADIES_SP,Nikolai SALNIKOV,Mami MAEDA,Karen BUTCHER,Jana BAUDYSOVA,Leena KURRI,Saioa SANCHO,Sissy KRICK,Samuel AUXIER,Olga KOZHEMYAKINA,EST,JPN,CAN,CZE,FIN,ESP,GER,USA,RUS
GPCAN_1617,LADIES_FS,Lolita LABUNSKAIYA,Andreas WALDECK,Saodat NUMANOVA,Katarina HENRIKSSON,Karen HOWARD,Feng HUANG,Chihee RHEE,Anne CAMMETT,Kenji AMAKO,RUS,GER,UZB,SWE,CAN,CHN,KOR,USA,JPN
GPCHN_1415,LADIES_SP,Reaghan FAWCETT,Shizuko UGAKI,Yu WANG,Steve WINKLER,Elena FOMINA,Kristina HOUWING,Chihee RHEE,Kari-Anne OLSEN,Eddy WU,CAN,JPN,CHN,USA,RUS,SWE,KOR,NOR,TWN
GPCHN_1718,LADIES_SP,Daniel DELFA,Nobuhiko YOSHIOKA,Sviatoslav BABENKO,Akos PETHES,Xixia LIU,Andrea DERBY,Chihee RHEE,Lorrie PARKER,Nadezhda FIODOROVA,ESP,JPN,RUS,HUN,CHN,CAN,KOR,USA,BLR
GPCHN_1718,LADIES_FS,Daniel DELFA,Nobuhiko YOSHIOKA,Sviatoslav BABENKO,Akos PETHES,Xixia LIU,Andrea DERBY,Chihee RHEE,Lorrie PARKER,Nadezhda FIODOROVA,ESP,JPN,RUS,HUN,CHN,CAN,KOR,USA,BLR
GPFRA_1213,MEN_FS,Andrea DERBY,Tiziana MIORINI,Francoise DE RAPPARD,Maira ABASOVA,Vera TAUCHMANOVA,Francis BETSCH,Yumin WANG,Lorrie PARKER,Shizuko UGAKI,CAN,ITA,BEL,RUS,CZE,FRA,CHN,USA,JPN
GPCHN_1314,MEN_FS,Sissy KRICK,Julia ANDREEVA,Yuri GUSKOV,Guangying QIN,Leslie KEEN,Hal MARRON,Anthony LEROY,Dan CHEN,Shizuko UGAKI,GER,RUS,KAZ,CHN,CAN,USA,FRA,HKG,JPN
GPCHN_1617,MEN_FS,Sandra WILLIAMSON-LEADLEY,Albert ZAYDMAN,Marketa HORKLOVA,Jeff LUKASIK,Igor OBRAZTSOV,Samuel AUXIER,Weiguang CHEN,Malgorzata SOBKOW,Shizuko UGAKI,NZL,ISR,CZE,CAN,RUS,USA,CHN,POL,JPN
4CC_1011,LADIES_SP,Eddy WU,Guangying QIN,Neil GARRARD,Deborah CURRIE,Sung-Hee KOH,Karen HOWARD,Slobodan DELIC,Catherine L TAYLOR,Shizuko UGAKI,TWN,CHN,ZAF,USA,KOR,CAN,SRB,AUS,JPN
GPFRA_1213,LADIES_SP,Maira ABASOVA,Yumin WANG,Francoise DE RAPPARD,Tiziana MIORINI,Shizuko UGAKI,Sally REHORICK,Jan HOFFMANN,Lorrie PARKER,Thierry MONMINOUX,RUS,CHN,BEL,ITA,JPN,CAN,GER,USA,FRA
GPUSA_1011,LADIES_FS,Karen BUTCHER,Elisabeth LOUESDON,Chihee RHEE,Salome CHIGOGIDZE,Paula M NAUGHTON,Merja KOSONEN,Tiziana MIORINI,Mayumi KATO,Patricia HOUGHTON,CAN,FRA,KOR,GEO,USA,FIN,ITA,JPN,FRA
EC_1112,MEN_FS,Claudia FASSORA,Bernhard JUST,Zsuzsanna VIKARNE-HOMOLYA,Anna KANTOR,Senem AHISKAL,Francoise DE RAPPARD,Kristina HOUWING,Vera TAUCHMANOVA,Patricia HOUGHTON,SUI,AUT,HUN,ISR,TUR,BEL,SWE,CZE,FRA
GPJPN_1516,MEN_FS,Deborah CURRIE,Melody Tan Tan YIP,Jeff LUKASIK,Yumin WANG,Olga KOZHEMYAKINA,Valerie GREUGNY,Stanislava SMIDOVA,Mayumi KATO,Patricia MORITZ,USA,HKG,CAN,CHN,RUS,FRA,CZE,JPN,AUS
GPRUS_1516,LADIES_SP,Reaghan FAWCETT,Sviatoslav BABENKO,Taffy HOLLIDAY,Tomie FUKUDOME,Matjaz KRUSEC,Guona ZHAO,Tiziana MIORINI,Salome CHIGOGIDZE,Asa NORDBACK,CAN,RUS,USA,JPN,SVN,CHN,ITA,GEO,SWE
GPCHN_1213,MEN_FS,Paolo PIZZOCARI,Dan CHEN,Alla SHEKHOVTSOVA,Anthony LEROY,Karen HOWARD,Masako KUBOTA,Tianyi ZHANG,Charles Z CYR,Asa NORDBACK,ITA,HKG,RUS,FRA,CAN,JPN,CHN,USA,SWE
EC_1415,MEN_FS,Sissy KRICK,Raffaella LOCATELLI,Lenka BOHUNICKA,Francoise DE RAPPARD,Halina GORDON POLTORAK,Mona ADOLFSEN,Merja KOSONEN,Adriana ORDEANU,Asa NORDBACK,GER,ITA,SVK,BEL,POL,NOR,FIN,ROM,SWE
GPRUS_1516,LADIES_FS,Tomie FUKUDOME,Salome CHIGOGIDZE,Tiziana MIORINI,Sviatoslav BABENKO,Matjaz KRUSEC,Guona ZHAO,Taffy HOLLIDAY,Reaghan FAWCETT,Asa NORDBACK,JPN,GEO,ITA,RUS,SVN,CHN,USA,CAN,SWE
WC_1516,MEN_SP,Andrea DERBY,Vera TAUCHMANOVA,Yury KLIUSHNIKOV,Steve WINKLER,Anthony LEROY,Massimo ORLANDINI,Donatella LEONELLI,Rolf PIPOH,Asa NORDBACK,CAN,CZE,AZE,USA,FRA,ITA,SUI,GER,SWE
GPRUS_1920,MEN_SP,Irina KOMARNICKA,Donatella LEONELLI,Veronique GOSSELIN,Todd BROMLEY,Maria GRIBONOSOVA-GREBNEVA,Helene CUCUPHAT,Yury KLIUSHNIKOV,Salome CHIGOGIDZE,Miwako ANDO,LAT,SUI,CAN,USA,RUS,FRA,AZE,GEO,JPN
GPRUS_1920,MEN_FS,Irina KOMARNICKA,Donatella LEONELLI,Veronique GOSSELIN,Todd BROMLEY,Maria GRIBONOSOVA-GREBNEVA,Helene CUCUPHAT,Yury KLIUSHNIKOV,Salome CHIGOGIDZE,Miwako ANDO,LAT,SUI,CAN,USA,RUS,FRA,AZE,GEO,JPN
EC_1213,LADIES_FS,Darja GABROVSEK-POLAJNAR,Nicole VAN GERWEN-MAAS,Zoia YORDANOVA,Bernhard JUST,Lenka BOHUNICKA,Katarina HENRIKSSON,Lovorka KODRIN,Salome CHIGOGIDZE,Anna CHATZIATHANASSIOU,SLO,NED,BUL,AUT,SVK,SWE,CRO,GEO,GRE
WC_1819,MEN_FS,Anna SIEROCKA,Ebru ANILDI,Dan FANG,Miroslav MISUREC,Philippe MERIGUET,Antica GRUBISIC,Bettina MEIER,Salome CHIGOGIDZE,Albert ZAYDMAN,POL,TUR,CHN,CZE,FRA,CRO,SUI,GEO,ISR
GPF_1516,LADIES_FS,Igor OBRAZTSOV,Florence VUYLSTEKER,Kenji AMAKO,Roger GLENN,Saioa SANCHO,Jeff LUKASIK,Anastassia MAKAROVA,Guangying QIN,Albert ZAYDMAN,RUS,FRA,JPN,USA,ESP,CAN,UKR,CHN,ISR
WC_1819,MEN_SP,Miroslav MISUREC,Antica GRUBISIC,Albert ZAYDMAN,Bettina MEIER,Ariadna MORONES NEGRETE,Cynthia BENSON,Anny HOU,Saioa SANCHO,Philippe MERIGUET,CZE,CRO,ISR,SUI,MEX,CAN,TPE,ESP,FRA
GPCHN_1112,LADIES_SP,Marco BUTTARELLI,Evgeni ROKHIN,Mark STORTON,Noriko SHIROTA,Alla SHEKHOVTSOVA,Yu WANG,William S SMITH,Ludmila MIKHAILOVSKAYA,Philippe MERIGUET,ITA,UZB,AUS,JPN,RUS,CHN,USA,UKR,FRA
GPF_1213,LADIES_FS,Robert ROSENBLUTH,Karen BUTCHER,Paolo PIZZOCARI,Chihee RHEE,Feng HUANG,Alla SHEKHOVTSOVA,Merja KOSONEN,Yukiko OKABE,Philippe MERIGUET,USA,CAN,ITA,KOR,CHN,RUS,FIN,JPN,FRA
EC_1415,LADIES_SP,Zanna KULIK,Natalia KRUGLOVA,Kristina HOUWING,Ulla FAIG,Vera TAUCHMANOVA,Saioa SANCHO,Lone AMSTRUP LINNEMANN,Christiane MILES,Philippe MERIGUET,EST,UKR,SWE,GER,CZE,ESP,DEN,SUI,FRA
EC_1314,MEN_FS,Ebru ANILDI,Donatella LEONELLI,Tiziana MORANDI,Georgi DIMKOV,Elizabeth LITTLER,Elisabeth BINDER,Laimute KRAUZIENE,Saioa SANCHO,Irina MEDVEDEVA,TUR,SUI,ITA,ISU,GBR,AUT,LTU,ESP,AZE
4CC_1819,LADIES_FS,Kevin ROSENSTEIN,Yuriy GUSKOV,Jung Sue LEE,Anny HOU,Leanna CARON,Dan CHEN,Nobuhiko YOSHIOKA,Yumin WANG,Rebecca ANDREW,USA,KAZ,KOR,TPE,CAN,HKG,JPN,CHN,AUS
GPUSA_1213,LADIES_SP,Wendy ENZMANN,Emilie BILLOW,Florence VUYLSTEKER,Elke TREITZ,Mayumi KATO,Franco BENINI,Lorna SCHRODER,Alexander KOGAN,Robert ROSENBLUTH,USA,SWE,FRA,GER,JPN,ITA,CAN,RUS,USA
GPUSA_1213,LADIES_FS,Emilie BILLOW,Florence VUYLSTEKER,Lorna SCHRODER,Elke TREITZ,Wendy ENZMANN,Mayumi KATO,Franco BENINI,Alexander KOGAN,Robert ROSENBLUTH,SWE,FRA,CAN,GER,USA,JPN,ITA,RUS,USA
4CC_1213,LADIES_FS,Masako KUBOTA,Sasha MARTINEZ,Sung-Hee KOH,Guangying QIN,Catherine L TAYLOR,Eddy WU,Susan BLATZ,Neil GARRARD,Robert ROSENBLUTH,JPN,MEX,KOR,CHN,AUS,TWN,CAN,ZAF,USA
GPFRA_1314,MEN_FS,Alla SHEKHOVTSOVA,Hailan JIANG,Marjo KANKAANRANTA,Anthony LEROY,Karen HOWARD,Yoshiko KOBAYASHI,Richard KOSINA,Katarina HENRIKSSON,Robert ROSENBLUTH,RUS,CHN,FIN,FRA,CAN,JPN,CZE,SWE,USA
GPUSA_1617,LADIES_FS,Tanay OZKAN SILAOGLU,Chihee RHEE,Robert ROSENBLUTH,Sviatoslav BABENKO,Mayumi KATO,Agita ABELE,Anthony LEROY,Franco BENINI,Cynthia BENSON,TUR,KOR,USA,RUS,JPN,LAT,FRA,ITA,CAN
GPCAN_1011,MEN_SP,Valerie GREUGNY,Todd BROMLEY,Noriko SHIROTA,Walter TOIGO,Sissy KRICK,Saioa SANCHO,Mona JONSSON,Marina SANAYA,Cynthia BENSON,FRA,USA,JPN,ITA,GER,ESP,SWE,RUS,CAN
GPUSA_1213,MEN_FS,Julia ANDREEVA,Christian BAUMANN,Kristina LUNDGREN,Mayumi KATO,Richard KOSINA,Jean SENFT,Emilie BILLOW,Franco BENINI,Wei SHI,RUS,GER,USA,JPN,CZE,CAN,SWE,ITA,CHN
GPCAN_1617,MEN_FS,Saodat NUMANOVA,Kenji AMAKO,Vera TAUCHMANOVA,Igor OBRAZTSOV,Anne CAMMETT,Lynne DEY,Kfir NATAN,Marco BUTTARELLI,Wei SHI,UZB,JPN,CZE,RUS,USA,CAN,ISR,ITA,CHN
GPCHN_1213,MEN_SP,Anthony LEROY,Paolo PIZZOCARI,Masako KUBOTA,Asa NORDBACK,Alla SHEKHOVTSOVA,Tianyi ZHANG,Karen HOWARD,Dan CHEN,Charles Z CYR,FRA,ITA,JPN,SWE,RUS,CHN,CAN,HKG,USA
GPFRA_1314,MEN_SP,Robert ROSENBLUTH,Alla SHEKHOVTSOVA,Marjo KANKAANRANTA,Yoshiko KOBAYASHI,Karen HOWARD,Katarina HENRIKSSON,Anthony LEROY,Hailan JIANG,Richard KOSINA,USA,RUS,FIN,JPN,CAN,SWE,FRA,CHN,CZE
GPFRA_1617,LADIES_SP,Veronique VERRUE,Christiane MOERTH,Lolita LABUNSKAIYA,Steve WINKLER,So Young AN,Jodi ABBOTT,Masako KUBOTA,Dagmar LURZ-PROTT,Richard KOSINA,FRA,AUT,RUS,USA,KOR,CAN,JPN,GER,CZE
GPF_1516,MEN_FS,Julia ANDREEVA,Guangying QIN,Leanna CARON,Gale TANGER,Daniel DELFA,Masako KUBOTA,Florence VUYLSTEKER,Agita ABELE,Richard KOSINA,RUS,CHN,CAN,USA,ESP,JPN,FRA,LAT,CZE
GPFRA_1617,LADIES_FS,Dagmar LURZ-PROTT,Christiane MOERTH,So Young AN,Masako KUBOTA,Veronique VERRUE,Lolita LABUNSKAIYA,Jodi ABBOTT,Steve WINKLER,Richard KOSINA,GER,AUT,KOR,JPN,FRA,RUS,CAN,USA,CZE
4CC_1920,MEN_SP,Veronique GOSSELIN,Sasha MARTINEZ,Roger GLENN,Na Young AHN,Katherine Evelyn DU PREEZ,Nadezhda PARETSKAIA,Claire SHEPHERD,Hailan JIANG,Sakae YAMAMOTO,CAN,MEX,USA,KOR,AUS,KAZ,GBR,CHN,JPN
GPCAN_1415,MEN_SP,Emilie BILLOW,Igor OBRAZTSOV,Jeff LUKASIK,Anthony LEROY,William S SMITH,Lise ROSTO JENSEN,Saioa SANCHO,Jana BAUDYSOVA,Sakae YAMAMOTO,SWE,RUS,CAN,FRA,USA,NOR,ESP,CZE,JPN
4CC_1920,MEN_FS,Na Young AHN,Nadezhda PARETSKAIA,Katherine Evelyn DU PREEZ,Sasha MARTINEZ,Claire SHEPHERD,Roger GLENN,Sakae YAMAMOTO,Hailan JIANG,Veronique GOSSELIN,KOR,KAZ,AUS,MEX,GBR,USA,JPN,CHN,CAN
WC_1516,MEN_FS,Asa NORDBACK,Anna KANTOR,Chihee RHEE,Massimo ORLANDINI,Yuri GUSKOV,Rolf PIPOH,Anthony LEROY,Ekaterina SEROVA,Yury KLIUSHNIKOV,SWE,ISR,KOR,ITA,KAZ,GER,FRA,BLR,AZE
EC_1617,MEN_FS,Ebru ANILDI,Kari-Anne OLSEN,Bettina MEIER,Kristina HOUWING,Kadi ZVIRIK,Albert ZAYDMAN,Matjaz KRUSEC,Ekaterina SEROVA,Stanislava SMIDOVA,TUR,NOR,SUI,SWE,EST,ISR,SVN,BLR,CZE
GPCHN_1213,LADIES_FS,Masako KUBOTA,Asa NORDBACK,Yu WANG,Alla SHEKHOVTSOVA,Paolo PIZZOCARI,Deborah CURRIE,Anthony LEROY,Bettina MEIER,Janice HUNTER,JPN,SWE,CHN,RUS,ITA,USA,FRA,SUI,CAN
4CC_1415,MEN_FS,Deborah CURRIE,Elizabeth RYAN,Jung-Sue LEE,Yukiko OKABE,Yuri GUSKOV,Antica GRUBISIC,Mona JONSSON,Guangying QIN,Janice HUNTER,USA,AUS,KOR,JPN,KAZ,CRO,SWE,CHN,CAN
GPRUS_1617,LADIES_SP,Nobuhiko YOSHIOKA,Paolo PIZZOCARI,Igor DOLGUSHIN,Leslie KEEN,Wendy ENZMANN,Agita ABELE,Aigul KUANISHEVA,Dan FANG,Lenka BOHUNICKA,JPN,ITA,RUS,CAN,USA,LAT,KAZ,CHN,SVK
EC_1819,LADIES_SP,Mona ADOLFSEN,Lone AMSTRUP LINNEMANN,Yury KLIUSHNIKOV,Hermi OTTEMANN,Zoia YORDANOVA,Sviatoslav BABENKO,Laimute KRAUZIENE,Zsuzsanna VIKARNE-HOMOLYA,Lenka BOHUNICKA,NOR,DEN,AZE,NED,BUL,RUS,LTU,HUN,SVK
GPCHN_1516,MEN_SP,Alla SHEKHOVTSOVA,Lorrie PARKER,Kenji AMAKO,Sung-Hee KOH,Daniel DELFA,Sally REHORICK,Saodat NUMANOVA,Dan FANG,Dan CHEN,RUS,USA,JPN,KOR,ESP,CAN,UZB,CHN,HKG
GPCHN_1314,LADIES_FS,Chihee RHEE,Tiziana MIORINI,Alla SHEKHOVTSOVA,Anne G SHEAN,Yu WANG,Shizuko UGAKI,Peter LEVIN,Maria OLESINSKA,Dan CHEN,KOR,ITA,RUS,USA,CHN,JPN,SWE,POL,HKG
GPCHN_1112,MEN_SP,Sung-Hee KOH,Nobuhiko YOSHIOKA,Julia ANDREEVA,Philippe MERIGUET,Beth CRANE,William S SMITH,Yu WANG,Vera TAUCHMANOVA,Dan CHEN,KOR,JPN,RUS,FRA,CAN,USA,CHN,CZE,HKG
GPF_1516,MEN_SP,Leanna CARON,Florence VUYLSTEKER,Daniel DELFA,Richard KOSINA,Gale TANGER,Agita ABELE,Julia ANDREEVA,Guangying QIN,Masako KUBOTA,CAN,FRA,ESP,CZE,USA,LAT,RUS,CHN,JPN
4CC_1213,LADIES_SP,Neil GARRARD,Sung-Hee KOH,Robert ROSENBLUTH,Eddy WU,Catherine L TAYLOR,Sasha MARTINEZ,Susan BLATZ,Guangying QIN,Masako KUBOTA,ZAF,KOR,USA,TWN,AUS,MEX,CAN,CHN,JPN
4CC_1617,MEN_FS,Lisa JELINEK,Lorrie PARKER,Jia YAO,Sasha MARTINEZ,Sandra WILLIAMSON-LEADLEY,Nicole LEBLANC-RICHARD,Ko-Man TING,Sung-Hee KOH,Masako KUBOTA,AUS,USA,CHN,MEX,NZL,CAN,TWN,KOR,JPN
GPFRA_1112,LADIES_SP,Marta OLOZAGARRE,Alexander KOGAN,Anthony LEROY,Virginia DE AGOSTINI,Mona JONSSON,Mika SAARELAINEN,Paula M NAUGHTON,Leanna CARON,Masako KUBOTA,ESP,RUS,FRA,ITA,SWE,FIN,USA,CAN,JPN
GPCHN_1213,LADIES_SP,Alla SHEKHOVTSOVA,Bettina MEIER,Yu WANG,Asa NORDBACK,Anthony LEROY,Janice HUNTER,Deborah CURRIE,Paolo PIZZOCARI,Masako KUBOTA,RUS,SUI,CHN,SWE,FRA,CAN,USA,ITA,JPN
GPF_1011,LADIES_SP,Leena LAAKSONEN,Yuri KLIUSHNIKOV,Jodi ABBOTT,Tomie FUKUDOME,Samuel AUXIER,Alla SHEKHOVTSOVA,Paolo PIZZOCARI,Guangying QIN,Francis BETSCH,FIN,UKR,CAN,JPN,USA,RUS,ITA,CHN,FRA
GPUSA_1920,MEN_SP,Marketa HORKLOVA,Jia YAO,Igor DOLGUSHIN,Kristina LUNDGREN,Akiko KOBAYASHI,Albert ZAYDMAN,Jung Yoon CHOI,Jerome POULIN,Francis BETSCH,CZE,CHN,RUS,USA,JPN,ISR,KOR,CAN,FRA
GPUSA_1920,MEN_FS,Marketa HORKLOVA,Jia YAO,Igor DOLGUSHIN,Kristina LUNDGREN,Akiko KOBAYASHI,Albert ZAYDMAN,Jung Yoon CHOI,Jerome POULIN,Francis BETSCH,CZE,CHN,RUS,USA,JPN,ISR,KOR,CAN,FRA
GPRUS_1314,LADIES_SP,Claudia BRAMBATI,Andrea DERBY,Alexei SHIRSHOV,Elisabeth LOUESDON,Kenji AMAKO,Irina MEDVEDEVA,Julia ANDREEVA,Kristina LUNDGREN,David MUNOZ,ITA,CAN,BLR,FRA,JPN,AZE,RUS,USA,ESP
GPCAN_1819,LADIES_SP,Shizuko UGAKI,Nadezhda PARETSKAIA,Lolita LABUNSKAIYA,Jeroen PRINS,So Young AN,Marco BUTTARELLI,Taffy HOLLIDAY,Deborah ISLAM,David MUNOZ,JPN,KAZ,RUS,NED,KOR,ITA,USA,CAN,ESP
GPCAN_1819,LADIES_FS,Shizuko UGAKI,Nadezhda PARETSKAIA,Lolita LABUNSKAIYA,Jeroen PRINS,So Young AN,Marco BUTTARELLI,Taffy HOLLIDAY,Deborah ISLAM,David MUNOZ,JPN,KAZ,RUS,NED,KOR,ITA,USA,CAN,ESP
GPUSA_1213,MEN_SP,Julia ANDREEVA,Christian BAUMANN,Franco BENINI,Mayumi KATO,Richard KOSINA,Emilie BILLOW,Wei SHI,Kristina LUNDGREN,Jean SENFT,RUS,GER,ITA,JPN,CZE,SWE,CHN,USA,CAN
GPJPN_1617,LADIES_SP,Elena FOMINA,Makoto KANO,Irina KOMARNICKA,Weiguang CHEN,Kathleen HARMON,Reaghan FAWCETT,Elizabeth RYAN,Danuta DUBROWKO,Allan BOEHM,RUS,JPN,LAT,CHN,USA,CAN,AUS,POL,SVK
WC_1718,LADIES_SP,Matjaz KRUSEC,Catherine TAYLOR,Birgit FOELL,Ko-Man TING,Anne SHEAN,Masako KUBOTA,Marketa HORKLOVA,Jung-Sue LEE,Allan BOEHM,SVN,AUS,GER,TWN,USA,JPN,CZE,KOR,SVK
EC_1112,LADIES_SP,Francoise DE RAPPARD,Jozica PODBEVSEK,Lone CHRISTENSEN AMSTRUP,Yury KLIUSHNIKOV,Alice WALDER,Lise ROSTO JENSEN,Mona JONSSON,Anastasia PAPAGIANNOPOULOU,Allan BOEHM,BEL,SLO,ISU,AZE,SUI,NOR,SWE,GRE,SVK
GPJPN_1617,LADIES_FS,Elizabeth RYAN,Makoto KANO,Irina KOMARNICKA,Danuta DUBROWKO,Kathleen HARMON,Reaghan FAWCETT,Elena FOMINA,Weiguang CHEN,Allan BOEHM,AUS,JPN,LAT,POL,USA,CAN,RUS,CHN,SVK
GPRUS_1112,LADIES_FS,Nikolai SALNIKOV,Karen BUTCHER,Mami MAEDA,Olga KOZHEMYAKINA,Jana BAUDYSOVA,Samuel AUXIER,Saioa SANCHO,Leena KURRI,Sissy KRICK,EST,CAN,JPN,RUS,CZE,USA,ESP,FIN,GER
GPJPN_1415,LADIES_SP,Alexander KOGAN,Todd BROMLEY,Jean SENFT,Tomiko YAMADA,Malgorzata SOBKOW,Beatrice PFISTER,Natalie TAYLOR,Leena KURRI,Jia YAO,RUS,USA,CAN,JPN,POL,SUI,AUS,FIN,CHN
4CC_1415,LADIES_SP,Ayumi KOZUKA,Karen BUTCHER,Eddy WU,Sung-Hee KOH,Peter RANKIN,Anne G SHEAN,Ariadna MORONES NEGRETE,Claudia BRAMBATI,Jia YAO,JPN,CAN,TWN,KOR,AUS,USA,MEX,ITA,CHN
WC_1617,LADIES_SP,Elisabeth LOUESDON,Leanna CARON,Richard GRAINGE,Mona ADOLFSEN,Sakae YAMAMOTO,Edith SCHILLER,Jung-Sue LEE,Jana BAUDYSOVA,Christiane MILES,FRA,CAN,GBR,NOR,JPN,AUT,KOR,CZE,SUI
WC_1617,LADIES_FS,Agita ABELE,Jana BAUDYSOVA,Darja GABROVSEK-POLAJNAR,Elisabeth LOUESDON,Mona JONSSON,Edith SCHILLER,Sakae YAMAMOTO,Mona ADOLFSEN,Christiane MILES,LAT,CZE,SLO,FRA,SWE,AUT,JPN,NOR,SUI
4CC_1213,MEN_FS,Ayumi KOZUKA,Evgeni ROKHIN,Lisa JELINEK,Jeff LUKASIK,Jia YAO,Gale TANGER,Saioa SANCHO,Ariadna MORONES NEGRETE,Na Young AHN,JPN,UZB,AUS,CAN,CHN,USA,ESP,MEX,KOR
GPJPN_1920,LADIES_SP,Sabrina WONG,Makoto KANO,Kylie Anne YACOPETTI,Doug WILLIAMS,Sviatoslav BABENKO,Wei SHI,Florence VUYLSTEKER,Tuire KURONEN,Na Young AHN,CAN,JPN,AUS,USA,RUS,CHN,FRA,FIN,KOR
GPJPN_1920,LADIES_FS,Sabrina WONG,Makoto KANO,Kylie Anne YACOPETTI,Doug WILLIAMS,Sviatoslav BABENKO,Wei SHI,Florence VUYLSTEKER,Tuire KURONEN,Na Young AHN,CAN,JPN,AUS,USA,RUS,CHN,FRA,FIN,KOR
4CC_1516,MEN_SP,Sally REHORICK,Deveny DECK,Catherine L TAYLOR,Nobuhiko YOSHIOKA,Sung-Hee KOH,Yuri GUSKOV,Saodat NUMANOVA,Ariadna MORONES NEGRETE,Jozica PODBEVSEK,CAN,USA,AUS,JPN,KOR,KAZ,UZB,MEX,SLO
OLY_1718,LADIES_FS,Nicole LEBLANC-RICHARD,Agita ABELE,Sung-Hee KOH,Elena FOMINA,Hailan JIANG,Elisabeth LOUESDON,Francoise DE RAPPARD,Deveny DECK,Kerstin KIMMINUS,CAN,LAT,KOR,RUS,CHN,FRA,BEL,USA,GER
GPUSA_1819,LADIES_SP,Patty KLEIN,Ayumi KOZUKA,Chihee RHEE,Sviatoslav BABENKO,Anne G SHEAN,Francis BETSCH,Franco BENINI,Yury BALKOV,Kerstin KIMMINUS,CAN,JPN,KOR,RUS,USA,FRA,ITA,UKR,GER
GPUSA_1819,LADIES_FS,Patty KLEIN,Ayumi KOZUKA,Chihee RHEE,Sviatoslav BABENKO,Anne G SHEAN,Francis BETSCH,Franco BENINI,Yury BALKOV,Kerstin KIMMINUS,CAN,JPN,KOR,RUS,USA,FRA,ITA,UKR,GER
GPCAN_1213,LADIES_FS,Anne G SHEAN,Igor OBRAZTSOV,Kristina HOUWING,Salome CHIGOGIDZE,Marta OLOZAGARRE,Lone VILLEFRANCE,Nicole LEBLANC-RICHARD,Kenji AMAKO,Kerstin KIMMINUS,USA,RUS,SWE,GEO,ESP,DEN,CAN,JPN,GER
4CC_1617,LADIES_SP,Saodat NUMANOVA,Lynne DEY,Dan FANG,Lone VILLEFRANCE,Eddy WU,Peter RANKIN,Shizuko UGAKI,Deveny DECK,Neil GARRARD,UZB,CAN,CHN,DEN,TWN,AUS,JPN,USA,ZAF
4CC_1112,MEN_SP,Evgeni ROKHIN,Ariadna MORONES NEGRETE,Mami MAEDA,Hailan JIANG,Eddy WU,Joanna MILLER,Jung-Sue LEE,Susan HEFFERNAN,Tamie CAMPBELL,UZB,MEX,JPN,CHN,TWN,AUS,KOR,CAN,USA
4CC_1112,MEN_FS,Hailan JIANG,Jung-Sue LEE,Joanna MILLER,Evgeni ROKHIN,Ariadna MORONES NEGRETE,Eddy WU,Susan HEFFERNAN,Mami MAEDA,Tamie CAMPBELL,CHN,KOR,AUS,UZB,MEX,TWN,CAN,JPN,USA
OLY_1718,MEN_FS,Yuriy GUSKOV,Lorrie PARKER,Saodat NUMANOVA,Sakae YAMAMOTO,Albert ZAYDMAN,Olga KOZHEMYAKINA,Weiguang CHEN,Richard KOSINA,Agita ABELE,KAZ,USA,UZB,JPN,ISR,RUS,CHN,CZE,LAT
GPRUS_1617,MEN_SP,Anna KANTOR,Tatiana SHARKINA,Philippe MERIGUET,David MUNOZ,Janice HUNTER,Emilie BILLOW,Nobuhiko YOSHIOKA,Wendy ENZMANN,Agita ABELE,ISR,RUS,FRA,ESP,CAN,SWE,JPN,USA,LAT
OLY_1718,LADIES_SP,Kvetoslava MATEJOVA,Katalin BALCZO,Deveny DECK,Ayumi KOZUKA,Sung-Hee KOH,Hailan JIANG,Elena FOMINA,Yuriy GUSKOV,Agita ABELE,SVK,HUN,USA,JPN,KOR,CHN,RUS,KAZ,LAT
GPCAN_1920,MEN_SP,Lynne DEY,Raffaella LOCATELLI,David MUNOZ,Lisa JELINEK,Stefanie SCHMID MATHEWSON,Maria GRIBONOSOVA-GREBNEVA,Anja RIST,Sakae YAMAMOTO,Agita ABELE,CAN,ITA,ESP,AUS,USA,RUS,GER,JPN,LAT
GPCAN_1920,MEN_FS,Lynne DEY,Raffaella LOCATELLI,David MUNOZ,Lisa JELINEK,Stefanie SCHMID MATHEWSON,Maria GRIBONOSOVA-GREBNEVA,Anja RIST,Sakae YAMAMOTO,Agita ABELE,CAN,ITA,ESP,AUS,USA,RUS,GER,JPN,LAT
EC_1516,MEN_FS,Olga KOZHEMYAKINA,Senem AHISKAL,Kvetoslava MATEJOVA,Elke TREITZ,Gloria MORANDI,Anthony LEROY,Nadezhda FIODOROVA,Anna KANTOR,Saioa SANCHO,RUS,TUR,SVK,GER,ITA,FRA,BLR,ISR,ESP
GPJPN_1213,LADIES_FS,Tricia MORITZ,Mami MAEDA,Janice HUNTER,Marketa HORKLOVA,Salome CHIGOGIDZE,Hailan JIANG,Olga KOZHEMYAKINA,Doug WILLIAMS,Saioa SANCHO,AUS,JPN,CAN,CZE,GEO,CHN,RUS,USA,ESP
GPCAN_1011,LADIES_SP,Christine BLANC,Noriko SHIROTA,Ursula STAHL,Leena KURRI,Todd BROMLEY,Karen HOWARD,Svetlana KANDYBA,Brigitte WENDT,Saioa SANCHO,SUI,JPN,AUT,FIN,USA,CAN,RUS,GER,ESP
GPJPN_1213,LADIES_SP,Olga KOZHEMYAKINA,Hailan JIANG,Mami MAEDA,Marketa HORKLOVA,Salome CHIGOGIDZE,Janice HUNTER,Doug WILLIAMS,Tricia MORITZ,Saioa SANCHO,RUS,CHN,JPN,CZE,GEO,CAN,USA,AUS,ESP
GPFRA_1112,LADIES_FS,Virginia DE AGOSTINI,Paula M NAUGHTON,Alexander KOGAN,Mona JONSSON,Masako KUBOTA,Anthony LEROY,Mika SAARELAINEN,Marta OLOZAGARRE,Leanna CARON,ITA,USA,RUS,SWE,JPN,FRA,FIN,ESP,CAN
GPRUS_1516,MEN_SP,Marta OLOZAGARRE,Sissy KRICK,Alexei BELETSKI,Natalia PRIMACHENKO,Tiziana MIORINI,Asa NORDBACK,Tomie FUKUDOME,Taffy HOLLIDAY,Leanna CARON,ESP,GER,ISR,RUS,ITA,SWE,JPN,USA,CAN
GPJPN_1314,MEN_SP,Tarja RISTANEN,Jeff LUKASIK,Francis BETSCH,Georg KRUMMENACHER,Ulla FAIG,Samuel AUXIER,Elena FOMINA,Marta OLOZAGARRE,Tomiko YAMADA,FIN,CAN,FRA,SUI,GER,USA,RUS,ESP,JPN
4CC_1112,LADIES_SP,Na Young AHN,Eddy WU,Jia YAO,Sasha MARTINEZ,Anne CAMMETT,Deborah NOYES,Leslie KEEN,Neil GARRARD,Tomiko YAMADA,KOR,TWN,CHN,MEX,USA,AUS,CAN,ZAF,JPN
GPJPN_1617,MEN_SP,Anna KANTOR,Olga KOZHEMYAKINA,Allan BOEHM,Christiane MOERTH,Roger GLENN,Walter TOIGO,Irina KOMARNICKA,Leanna CARON,Tomiko YAMADA,ISR,RUS,SVK,AUT,USA,ITA,LAT,CAN,JPN
GPFRA_1011,LADIES_SP,Franco BENINI,Feng HUANG,Jodi ABBOTT,Hely ABBONDATI,Yoshiko KOBAYASHI,Anne HARDY-THOMAS,Igor OBRAZTSOV,Marta OLOZAGARRE,Joyce D KOMPERDA,ITA,CHN,CAN,FIN,JPN,FRA,RUS,ESP,USA
WC_1415,LADIES_FS,Kveta MATEJOVA,Anthony LEROY,Yury KLIUSHNIKOV,Julia ANDREEVA,Elke TREITZ,Stanislava SMIDOVA,Mika SAARELAINEN,Lone VILLEFRANCE,Zanna KULIK,SVK,FRA,AZE,RUS,GER,CZE,FIN,DEN,EST
WC_1415,LADIES_SP,Elke TREITZ,Yury KLIUSHNIKOV,Julia ANDREEVA,Lone VILLEFRANCE,Anthony LEROY,Mona JONSSON,Karen ARCHER,Beatrice PFISTER,Zanna KULIK,GER,AZE,RUS,DEN,FRA,SWE,GBR,SUI,EST
EC_1819,MEN_SP,Lise ROSTO JENSEN,Agnieszka SWIDERSKA,Nadezhda FIODOROVA,Osman SIRVAN,Saioa SANCHO,Pernilla BOHLING,Elizabeth LITTLER,Irina MEDVEDEVA,Zanna KULIK,NOR,POL,BLR,TUR,ESP,FIN,GBR,AZE,EST
GPF_1920,LADIES_SP,Tomie FUKUDOME,Chihee RHEE,Marta OLOZAGARRE,Peter VOTH,Deborah ISLAM,Anthony LEROY,Peggy GRAHAM,Marco BUTTARELLI,Elena FOMINA,JPN,KOR,ESP,GER,CAN,FRA,USA,ITA,RUS
GPF_1920,LADIES_FS,Tomie FUKUDOME,Chihee RHEE,Marta OLOZAGARRE,Peter VOTH,Deborah ISLAM,Anthony LEROY,Peggy GRAHAM,Marco BUTTARELLI,Elena FOMINA,JPN,KOR,ESP,GER,CAN,FRA,USA,ITA,RUS
GPJPN_1213,MEN_SP,Saioa SANCHO,Volker WALDECK,Hailan JIANG,Jeff LUKASIK,Nobuhiko YOSHIOKA,Pierre DE LACROIX,Doug WILLIAMS,Marco BUTTARELLI,Elena FOMINA,ESP,GER,CHN,CAN,JPN,FRA,USA,ITA,RUS
GPCHN_1415,LADIES_FS,Reaghan FAWCETT,Chihee RHEE,Yu WANG,Kristina HOUWING,Shizuko UGAKI,Eddy WU,Kari-Anne OLSEN,Steve WINKLER,Elena FOMINA,CAN,KOR,CHN,SWE,JPN,TWN,NOR,USA,RUS
GPCAN_1213,LADIES_SP,Igor OBRAZTSOV,Kenji AMAKO,Marta OLOZAGARRE,Kerstin KIMMINUS,Lone VILLEFRANCE,Nicole LEBLANC-RICHARD,Anne G SHEAN,Kristina HOUWING,Salome CHIGOGIDZE,RUS,JPN,ESP,GER,DEN,CAN,USA,SWE,GEO
GPUSA_1819,MEN_SP,Patty KLEIN,Stanislava SMIDOVA,Alexei BELETSKI,Francis BETSCH,Wendy ENZMANN,Yu WANG,Franco BENINI,Maira ABASOVA,Salome CHIGOGIDZE,CAN,CZE,ISR,FRA,USA,CHN,ITA,RUS,GEO
GPUSA_1819,MEN_FS,Patty KLEIN,Stanislava SMIDOVA,Alexei BELETSKI,Francis BETSCH,Wendy ENZMANN,Yu WANG,Franco BENINI,Maira ABASOVA,Salome CHIGOGIDZE,CAN,CZE,ISR,FRA,USA,CHN,ITA,RUS,GEO
EC_1112,LADIES_FS,Allan BOEHM,Anastasia PAPAGIANNOPOULOU,Gloria MORANDI,Mona JONSSON,Francoise DE RAPPARD,Yury KLIUSHNIKOV,Krunoslava CUMIC,Nadezhda FIODOROVA,Salome CHIGOGIDZE,SVK,GRE,ITA,SWE,BEL,AZE,ISU,BLR,GEO
EC_1920,MEN_FS,Natalia KRUGLOVA,Eva SZILAGYI,Lise ROSTO JENSEN,Marta OLOZAGARRE,Carmen LAUN,Agnieszka SWIDERSKA,Kvetoslava MATEJOVA,Kadi ZVIRIK,Salome CHIGOGIDZE,UKR,HUN,NOR,ESP,GER,POL,SVK,EST,GEO
WC_1213,LADIES_FS,Gavril VELCHEV,Nikolai SALNIKOV,Helle LYNGBERG,Marta OLOZAGARRE,Dagmar LURZ-PROTT,Neil GARRARD,Patricia HOUGHTON,Christine BLANC,Salome CHIGOGIDZE,ISU,EST,ISU,ESP,GER,ZAF,FRA,SUI,GEO
EC_1718,MEN_SP,Mary CHAPMAN,Hanna THEN,Hege ROSTO JENSEN,Ulla FAIG,Kadi ZVIRIK,Marjo KANKAANRANTA,Adriana DOMANSKA,Senem AHISKAL,Salome CHIGOGIDZE,GBR,POL,NOR,GER,EST,FIN,SVK,TUR,GEO
GPUSA_1617,LADIES_SP,Chihee RHEE,Robert ROSENBLUTH,Mayumi KATO,Sviatoslav BABENKO,Franco BENINI,Anthony LEROY,Agita ABELE,Cynthia BENSON,Tanay OZKAN SILAOGLU,KOR,USA,JPN,RUS,ITA,FRA,LAT,CAN,TUR
GPF_1314,MEN_SP,Alla SHEKHOVTSOVA,Daniel DELFA,Karen BUTCHER,Florence VUYLSTEKER,Samuel AUXIER,Sakae YAMAMOTO,Yumin WANG,Jarmila PORTOVA,Elke TREITZ,RUS,ESP,CAN,FRA,USA,JPN,CHN,CZE,GER
WC_1213,MEN_SP,Elena FOMINA,Anna SIEROCKA,Senem AHISKAL,Anthony LEROY,Karin EHRHARDT,Nadezhda FIODOROVA,Nobuhiko YOSHIOKA,Jarmila PORTOVA,Volker WALDECK,RUS,POL,TUR,FRA,AUT,BLR,JPN,CZE,GER
GPRUS_1213,MEN_SP,Alexei SHIRSHOV,Daniel DELFA,Yuri GUSKOV,Benoit LAVOIE,Anne CAMMETT,Igor OBRAZTSOV,Noriko SHIROTA,Jarmila PORTOVA,Mika SAARELAINEN,BLR,ESP,KAZ,CAN,USA,RUS,JPN,CZE,FIN
GPCHN_1516,LADIES_SP,Kenji AMAKO,Allan BOEHM,Malgorzata SOBKOW,Lorrie PARKER,Dan CHEN,Sung-Hee KOH,Yumin WANG,Eddy WU,Lolita LABUNSKAIYA,JPN,SVK,POL,USA,HKG,KOR,CHN,TWN,RUS
GPCAN_1314,LADIES_FS,Taffy HOLLIDAY,Guangying QIN,Marta OLOZAGARRE,Yukiko OKABE,Christiane MILES,Leena KURRI,Beth CRANE,Rolf PIPOH,Lolita LABUNSKAIYA,USA,CHN,ESP,JPN,SUI,FIN,CAN,GER,RUS
WC_1617,MEN_FS,Daniel DELFA,Weiguang CHEN,Olga KOZHEMYAKINA,Anna KANTOR,Jeff LUKASIK,Na Young AHN,Deborah NOYES,Igor FEDCHENKO,Margaret WORSFOLD,ESP,CHN,RUS,ISR,CAN,KOR,AUS,UKR,GBR
WC_1314,LADIES_SP,Diana BARBACCI LEVY,Zanna KULIK,Bernhard JUST,Kristina HOUWING,Cynthia BENSON,Francoise DE RAPPARD,Deborah NOYES,Dagmar LURZ-PROTT,Elizabeth LITTLER,SUI,EST,AUT,SWE,CAN,BEL,AUS,GER,GBR
GPUSA_1415,LADIES_FS,Julia ANDREEVA,Tomie FUKUDOME,Kylie Anne YACOPETTI,Peggy GRAHAM,Anastassia MAKAROVA,Na Young AHN,Philippe MERIGUET,Wei SHI,Peter LEVIN,RUS,JPN,AUS,USA,UKR,KOR,FRA,CHN,SWE
GPCHN_1314,LADIES_SP,Alla SHEKHOVTSOVA,Anne G SHEAN,Chihee RHEE,Yu WANG,Tiziana MIORINI,Shizuko UGAKI,Dan CHEN,Maria OLESINSKA,Peter LEVIN,RUS,USA,KOR,CHN,ITA,JPN,HKG,POL,SWE
GPF_1617,MEN_SP,Ayumi KOZUKA,Marta OLOZAGARRE,Lorrie PARKER,Anna KANTOR,Julia ANDREEVA,Beth CRANE,Philippe MERIGUET,Jung-Sue LEE,Feng HUANG,JPN,ESP,USA,ISR,RUS,CAN,FRA,KOR,CHN
GPF_1213,LADIES_SP,Philippe MERIGUET,Chihee RHEE,Merja KOSONEN,Karen BUTCHER,Robert ROSENBLUTH,Paolo PIZZOCARI,Yukiko OKABE,Alla SHEKHOVTSOVA,Feng HUANG,FRA,KOR,FIN,CAN,USA,ITA,JPN,RUS,CHN
GPF_1415,LADIES_FS,Leslie KEEN,Attila SOOS,Elena FOMINA,Daniel DELFA,Valerie GREUGNY,Tomie FUKUDOME,Allan BOEHM,Tamie CAMPBELL,Feng HUANG,CAN,HUN,RUS,ESP,FRA,JPN,SVK,USA,CHN
4CC_1415,MEN_SP,Antica GRUBISIC,Mona JONSSON,Yukiko OKABE,Deborah CURRIE,Elizabeth RYAN,Yuri GUSKOV,Janice HUNTER,Jung-Sue LEE,Guangying QIN,CRO,SWE,JPN,USA,AUS,KAZ,CAN,KOR,CHN
GPCHN_1415,MEN_FS,Eddy WU,Steve WINKLER,Alla SHEKHOVTSOVA,Albert ZAYDMAN,Shizuko UGAKI,Saodat NUMANOVA,Nicole LEBLANC-RICHARD,Ludwig CZOCZEK,Guangying QIN,TWN,USA,RUS,ISR,JPN,UZB,CAN,GER,CHN
GPF_1516,LADIES_SP,Albert ZAYDMAN,Saioa SANCHO,Kenji AMAKO,Roger GLENN,Jeff LUKASIK,Igor OBRAZTSOV,Anastassia MAKAROVA,Florence VUYLSTEKER,Guangying QIN,ISR,ESP,JPN,USA,CAN,RUS,UKR,FRA,CHN
GPUSA_1011,MEN_SP,Merja KOSONEN,Hal MARRON,Yukiko OKABE,Karin EHRHARDT,Aigul KUANISHEVA,Emilie BILLOW,Ann MUESING,Jeff LUKASIK,Guangying QIN,FIN,USA,JPN,AUT,KAZ,SWE,BEL,CAN,CHN
WC_1415,MEN_SP,Anna KANTOR,Daniela CAVELLI,Igor OBRAZTSOV,Inger ANDERSSON,Yuri GUSKOV,Francoise DE RAPPARD,Vladislav PETUKHOV,Aniela HEBEL-SZMAK,Guangying QIN,ISR,ITA,RUS,SWE,KAZ,BEL,UKR,POL,CHN
WC_1112,LADIES_FS,Georg KRUMMENACHER,Zsuzsanna VIKARNE-HOMOLYA,Andrea GMELIN,Yury KLIUSHNIKOV,Breda MARINSEK,Senem AHISKAL,Rolf PIPOH,Elizabeth LITTLER,Guangying QIN,SUI,HUN,ROU,AZE,SLO,TUR,GER,GBR,CHN
EC_1213,MEN_FS,Francoise DE RAPPARD,Saioa SANCHO,Kersten BELLMANN,Margaret WORSFOLD,Anna KANTOR,Thomas BIEGLER,Philippe MERIGUET,Hanna THEN,Ekaterina SEROVA,BEL,ESP,GER,GBR,ISR,AUT,FRA,POL,BLR
GPUSA_1718,MEN_SP,Alexei BELETSKI,So Young AN,Weiguang CHEN,Elke TREITZ,Yoko KUNO,Sasha MARTINEZ,Sviatoslav BABENKO,Wendy ENZMANN,Jodi ABBOTT,ISR,KOR,CHN,GER,JPN,MEX,RUS,USA,CAN
GPUSA_1718,MEN_FS,Alexei BELETSKI,So Young AN,Weiguang CHEN,Elke TREITZ,Yoko KUNO,Sasha MARTINEZ,Sviatoslav BABENKO,Wendy ENZMANN,Jodi ABBOTT,ISR,KOR,CHN,GER,JPN,MEX,RUS,USA,CAN
GPF_1011,LADIES_FS,Tomie FUKUDOME,Alla SHEKHOVTSOVA,Guangying QIN,Samuel AUXIER,Paolo PIZZOCARI,Leena LAAKSONEN,Francis BETSCH,Yuri KLIUSHNIKOV,Jodi ABBOTT,JPN,RUS,CHN,USA,ITA,FIN,FRA,UKR,CAN
GPJPN_1112,LADIES_FS,Elena FOMINA,Leslie KEEN,Salome CHIGOGIDZE,Elisabeth LOUESDON,Evgeni ROKHIN,Tarja RISTANEN,Tomiko YAMADA,Wendy ENZMANN,Tricia MORITZ,RUS,CAN,GEO,FRA,UZB,FIN,JPN,USA,AUS
GPUSA_1112,LADIES_FS,Mayumi KATO,Olga KOZHEMYAKINA,Salome CHIGOGIDZE,Hely ABBONDATI,Volker WALDECK,Susanne WAHLSTROEM,Claudia BRAMBATI,Wendy ENZMANN,Elizabeth CLARK,JPN,RUS,GEO,FIN,GER,SWE,ITA,USA,CAN
GPRUS_1920,LADIES_SP,Elisabeth BINDER,Antony GREVISSE,Rui ZHAO,Todd BROMLEY,Miwako ANDO,Helene CUCUPHAT,Sviatoslav BABENKO,Yury KLIUSHNIKOV,Donatella LEONELLI,AUT,BEL,CHN,USA,JPN,FRA,RUS,AZE,SUI
GPRUS_1920,LADIES_FS,Elisabeth BINDER,Antony GREVISSE,Rui ZHAO,Todd BROMLEY,Miwako ANDO,Helene CUCUPHAT,Sviatoslav BABENKO,Yury KLIUSHNIKOV,Donatella LEONELLI,AUT,BEL,CHN,USA,JPN,FRA,RUS,AZE,SUI
GPF_1314,LADIES_FS,Jarmila PORTOVA,Ulla FAIG,Yury BALKOV,Alla SHEKHOVTSOVA,Feng HUANG,Jodi ABBOTT,Paolo PIZZOCARI,Mami MAEDA,Gale TANGER,CZE,GER,UKR,RUS,CHN,CAN,ITA,JPN,USA
GPFRA_1112,MEN_FS,Mona JONSSON,Wei SHI,Helene CUCUPHAT,Elke TREITZ,Julia ANDREEVA,Masako KUBOTA,Richard KOSINA,Karen HOWARD,Paula M NAUGHTON,SWE,CHN,FRA,GER,RUS,JPN,CZE,CAN,USA
OLY_1314,LADIES_FS,Birgit FOELL,Yury BALKOV,Franco BENINI,Zanna KULIK,Nobuhiko YOSHIOKA,Alla SHEKHOVTSOVA,Helene CUCUPHAT,Karen HOWARD,Adriana DOMANSKA,GER,UKR,ITA,EST,JPN,RUS,FRA,CAN,SVK
GPUSA_1314,LADIES_SP,Massimo ORLANDINI,Wendy LANGTON,Mona JONSSON,Salome CHIGOGIDZE,Florence VUYLSTEKER,Robert ROSENBLUTH,Alexander KOGAN,Karen HOWARD,Mayumi KATO,ITA,AUS,SWE,GEO,FRA,USA,RUS,CAN,JPN
GPCAN_1112,MEN_FS,Yuri GUSKOV,Yukiko OKABE,Valerie GREUGNY,Daniel DELFA,Kitty DELIO LAFORTE,Karen HOWARD,Heinz-Ulrich WALTHER,Katarina HENRIKSSON,Christine BLANC,KAZ,JPN,FRA,ESP,USA,CAN,GER,SWE,SUI
GPCHN_1112,LADIES_FS,William S SMITH,Marco BUTTARELLI,Yu WANG,Ludmila MIKHAILOVSKAYA,Alla SHEKHOVTSOVA,Philippe MERIGUET,Evgeni ROKHIN,Noriko SHIROTA,Mark STORTON,USA,ITA,CHN,UKR,RUS,FRA,UZB,JPN,AUS
WC_1112,LADIES_SP,Andrea GMELIN,Saioa SANCHO,Elizabeth LITTLER,Zsuzsanna VIKARNE-HOMOLYA,Rolf PIPOH,Georg KRUMMENACHER,Francoise DE RAPPARD,Yukiko OKABE,Senem AHISKAL,ROU,ESP,GBR,HUN,GER,SUI,BEL,JPN,TUR
GPCAN_1314,MEN_FS,Benoit LAVOIE,Daniel DELFA,Leena KURRI,Anja RIST,Taffy HOLLIDAY,Vera TAUCHMANOVA,Jeroen PRINS,Yukiko OKABE,Walter TOIGO,CAN,ESP,FIN,GER,USA,CZE,NED,JPN,ITA
EC_1112,MEN_SP,Bernhard JUST,Francoise DE RAPPARD,Ingrid Charlotte WOLTER,Patricia HOUGHTON,Senem AHISKAL,Lone VILLEFRANCE,Kristina HOUWING,Vladislav PETUKHOV,Franco BENINI,AUT,BEL,GER,FRA,TUR,DEN,SWE,UKR,ITA
GPFRA_1011,LADIES_FS,Feng HUANG,Hely ABBONDATI,Joyce D KOMPERDA,Marta OLOZAGARRE,Jodi ABBOTT,Igor OBRAZTSOV,Anne HARDY-THOMAS,Yoshiko KOBAYASHI,Franco BENINI,CHN,FIN,USA,ESP,CAN,RUS,FRA,JPN,ITA
GPJPN_1011,MEN_FS,Alexander KOGAN,Tomiko YAMADA,Yuri GUSKOV,Lorrie PARKER,Kristina HOUWING,Tianyi ZHANG,Francoise DE RAPPARD,Florence VUYLSTEKER,Beth CRANE,RUS,JPN,KAZ,USA,SWE,CHN,BEL,FRA,CAN
GPCAN_1516,LADIES_FS,Sviatoslav BABENKO,Inger ANDERSSON,Massimo ORLANDINI,Salome CHIGOGIDZE,Shizuko UGAKI,Doug WILLIAMS,Lone AMSTRUP LINNEMANN,Nadezhda PARETSKAIA,Beth CRANE,RUS,SWE,ITA,GEO,JPN,USA,DEN,KAZ,CAN
4CC_1920,LADIES_FS,Todd BROMLEY,Yu WANG,Ko-Man TING,Sung-Hee KOH,Angelique CLYDE-SMITH,Ariadna MORONES NEGRETE,Ayumi KOZUKA,Yuriy GUSKOV,Beth CRANE,USA,CHN,TWN,KOR,AUS,MEX,JPN,KAZ,CAN
4CC_1920,LADIES_SP,Sung-Hee KOH,Angelique CLYDE-SMITH,Todd BROMLEY,Ayumi KOZUKA,Ko-Man TING,Ariadna MORONES NEGRETE,Yu WANG,Yuriy GUSKOV,Beth CRANE,KOR,AUS,USA,JPN,TWN,MEX,CHN,KAZ,CAN
EC_1516,LADIES_FS,Daniel DELFA,Christine BLANC,Adriana ORDEANU,Margo PAUW,Leena LAAKSONEN,Elisabeth LOUESDON,Nikolai IANEV,Claire SHEPHERD,Dagmar LURZ-PROTT,ESP,SUI,ROM,NED,FIN,FRA,ISU,GBR,GER
WC_1011,MEN_FS,Diana STEVENS,Julia ANDREEVA,Daniel DELFA,Elizabeth RYAN,Beatrice PFISTER,Paula M NAUGHTON,Maria MILLER,Tatiana YORDANOVA,Zsuzsanna VIKARNE-HOMOLYA,GBR,RUS,ESP,AUS,SUI,USA,ISU,BUL,HUN
GPUSA_1617,MEN_SP,Cynthia BENSON,Lisa JELINEK,Maira ABASOVA,Franco BENINI,Tianyi ZHANG,Yuri GUSKOV,Masako KUBOTA,Alexei BELETSKI,Kristina LUNDGREN,CAN,AUS,RUS,ITA,CHN,KAZ,JPN,ISR,USA
GPRUS_1415,LADIES_FS,Elke TREITZ,Katarina HENRIKSSON,Jung-Sue LEE,Olga KOZHEMYAKINA,Irina MEDVEDEVA,Attila SOOS,Mayumi KATO,Andre-Marc ALLAIN,Kristina LUNDGREN,GER,SWE,KOR,RUS,AZE,HUN,JPN,CAN,USA
4CC_1213,MEN_SP,Na Young AHN,Ayumi KOZUKA,Evgeni ROKHIN,Jia YAO,Gale TANGER,Saioa SANCHO,Lisa JELINEK,Jeff LUKASIK,Ariadna MORONES NEGRETE,KOR,JPN,UZB,CHN,USA,ESP,AUS,CAN,MEX
4CC_1314,LADIES_SP,Neil GARRARD,Weiguang CHEN,Masako KUBOTA,Na Young AHN,Susan BLATZ,Susan PETRICEVIC,Joanna MILLER,Paula M NAUGHTON,Ariadna MORONES NEGRETE,ZAF,CHN,JPN,KOR,CAN,NZL,AUS,USA,MEX
GPJPN_1213,MEN_FS,Marco BUTTARELLI,Saioa SANCHO,Elena FOMINA,Volker WALDECK,Pierre DE LACROIX,Doug WILLIAMS,Nobuhiko YOSHIOKA,Jeff LUKASIK,Hailan JIANG,ITA,ESP,RUS,GER,FRA,USA,JPN,CAN,CHN
GPF_1011,MEN_SP,Yukiko OKABE,Jarmila PORTOVA,Francis BETSCH,Roger GLENN,Deborah ISLAM,Francoise DE RAPPARD,Elena FOMINA,Ulf DENZER,Hailan JIANG,JPN,CZE,FRA,USA,CAN,BEL,RUS,GER,CHN
GPCAN_1011,MEN_FS,Saioa SANCHO,Sissy KRICK,Marina SANAYA,Cynthia BENSON,Todd BROMLEY,Noriko SHIROTA,Mona JONSSON,Walter TOIGO,Valerie GREUGNY,ESP,GER,RUS,CAN,USA,JPN,SWE,ITA,FRA
GPCAN_1314,MEN_SP,Anja RIST,Benoit LAVOIE,Jeroen PRINS,Yukiko OKABE,Leena KURRI,Vera TAUCHMANOVA,Daniel DELFA,Walter TOIGO,Taffy HOLLIDAY,GER,CAN,NED,JPN,FIN,CZE,ESP,ITA,USA
4CC_1516,LADIES_FS,Susan PETRICEVIC,Neil GARRARD,Na Young AHN,Wendy ENZMANN,Sakae YAMAMOTO,Yumin WANG,Sasha MARTINEZ,Nicole LEBLANC-RICHARD,Angelique CLYDE-SMITH,NZL,ZAF,KOR,USA,JPN,CHN,MEX,CAN,AUS
WC_1213,LADIES_SP,Neil GARRARD,Osman SIRVAN,Pekka LESKINEN,Dagmar LURZ-PROTT,Salome CHIGOGIDZE,Gavril VELCHEV,Marta OLOZAGARRE,Tomiko YAMADA,Nikolai SALNIKOV,ZAF,TUR,FIN,GER,GEO,ISU,ESP,JPN,EST
EC_1415,MEN_SP,Halina GORDON POLTORAK,Daniel DELFA,Mona ADOLFSEN,Francoise DE RAPPARD,Yury KLIUSHNIKOV,Ursula STAHL,Adriana ORDEANU,Lenka BOHUNICKA,Nikolai SALNIKOV,POL,ESP,NOR,BEL,AZE,AUT,ROM,SVK,EST
GPJPN_1617,MEN_FS,Anna KANTOR,Christiane MOERTH,Walter TOIGO,Olga KOZHEMYAKINA,Allan BOEHM,Leanna CARON,Roger GLENN,Tomiko YAMADA,Irina KOMARNICKA,ISR,AUT,ITA,RUS,SVK,CAN,USA,JPN,LAT
GPF_1112,MEN_FS,Francis BETSCH,Robert ROSENBLUTH,Sakae YAMAMOTO,Yury KLIUSHNIKOV,Leanna CARON,Yumin WANG,Daniel DELFA,Alla SHEKHOVTSOVA,Jarmila PORTOVA,FRA,USA,JPN,AZE,CAN,CHN,ESP,RUS,CZE
GPF_1112,LADIES_FS,Karen HOWARD,Julia ANDREEVA,Deveny DECK,Tomie FUKUDOME,Jan HOFFMANN,Laimute KRAUZIENE,Feng HUANG,Massimo ORLANDINI,Jarmila PORTOVA,CAN,RUS,USA,JPN,GER,LTU,CHN,ITA,CZE
GPF_1314,LADIES_SP,Yury BALKOV,Mami MAEDA,Gale TANGER,Paolo PIZZOCARI,Ulla FAIG,Feng HUANG,Alla SHEKHOVTSOVA,Jodi ABBOTT,Jarmila PORTOVA,UKR,JPN,USA,ITA,GER,CHN,RUS,CAN,CZE
GPCAN_1516,MEN_FS,Andrea DERBY,Maira ABASOVA,Chihee RHEE,Shizuko UGAKI,Walter TOIGO,Vera TAUCHMANOVA,Daniel DELFA,Christiane MOERTH,Doug WILLIAMS,CAN,RUS,KOR,JPN,ITA,CZE,ESP,AUT,USA
GPCHN_1617,MEN_SP,Jeff LUKASIK,Albert ZAYDMAN,Weiguang CHEN,Igor OBRAZTSOV,Shizuko UGAKI,Samuel AUXIER,Sandra WILLIAMSON-LEADLEY,Marketa HORKLOVA,Malgorzata SOBKOW,CAN,ISR,CHN,RUS,JPN,USA,NZL,CZE,POL
GPUSA_1516,MEN_SP,Weiguang CHEN,Anna KANTOR,Alexandra FORD,Nobuhiko YOSHIOKA,Igor OBRAZTSOV,Yuri GUSKOV,Todd BROMLEY,Anthony LEROY,Nicole LEBLANC-RICHARD,CHN,ISR,AUS,JPN,RUS,KAZ,USA,FRA,CAN
GPCHN_1415,MEN_SP,Guangying QIN,Eddy WU,Saodat NUMANOVA,Alla SHEKHOVTSOVA,Ludwig CZOCZEK,Shizuko UGAKI,Albert ZAYDMAN,Steve WINKLER,Nicole LEBLANC-RICHARD,CHN,TWN,UZB,RUS,GER,JPN,ISR,USA,CAN
EC_1920,MEN_SP,Salome CHIGOGIDZE,Ebru ANILDI,Lise ROSTO JENSEN,Agita ABELE,Natalia KRUGLOVA,Kvetoslava MATEJOVA,Marta OLOZAGARRE,Anthony LEROY,Carmen LAUN,GEO,TUR,NOR,LAT,UKR,SVK,ESP,FRA,GER
GPRUS_1617,MEN_FS,Nobuhiko YOSHIOKA,Wendy ENZMANN,Anna KANTOR,Philippe MERIGUET,Agita ABELE,Janice HUNTER,David MUNOZ,Emilie BILLOW,Tatiana SHARKINA,JPN,USA,ISR,FRA,LAT,CAN,ESP,SWE,RUS
GPFRA_1516,MEN_SP,Yukiko OKABE,Saodat NUMANOVA,Roger GLENN,Xixia LIU,Benoit LAVOIE,Yuri GUSKOV,Olga KOZHEMYAKINA,Prisca BINZ-MOSER,Elisabeth LOUESDON,JPN,UZB,USA,CHN,CAN,KAZ,RUS,SUI,FRA
GPRUS_1314,MEN_SP,Nobuhiko YOSHIOKA,Kristina LUNDGREN,David MUNOZ,Leslie KEEN,Vladislav PETUKHOV,Elke TREITZ,Igor OBRAZTSOV,Alexei SHIRSHOV,Elisabeth LOUESDON,JPN,USA,ESP,CAN,UKR,GER,RUS,BLR,FRA
GPRUS_1011,LADIES_SP,Igor OBRAZTSOV,Zanna KULIK,Tiziana MORANDI,Masako KUBOTA,Leslie KEEN,Lenka BOHUNICKA,Helene CUCUPHAT,Diana BARBACCI LEVY,Anne CAMMETT,RUS,EST,ITA,JPN,CAN,SVK,FRA,SUI,USA
GPFRA_1314,LADIES_FS,Marjo KANKAANRANTA,Katarina HENRIKSSON,Robert ROSENBLUTH,Alla SHEKHOVTSOVA,Yoshiko KOBAYASHI,Jodi ABBOTT,Helene CUCUPHAT,Brigitte WENDT,Gloria MORANDI,FIN,SWE,USA,RUS,JPN,CAN,FRA,GER,ITA
EC_1819,MEN_FS,Osman SIRVAN,Agnieszka SWIDERSKA,Zanna KULIK,Saioa SANCHO,Pernilla BOHLING,Marketa HORKLOVA,Igor OBRAZTSOV,Irina MEDVEDEVA,Gloria MORANDI,TUR,POL,EST,ESP,FIN,CZE,RUS,AZE,ITA
4CC_1819,MEN_FS,Sung-Hee KOH,Mami MAEDA,Eddy WU,Nadezhda PARETSKAIA,Samuel AUXIER,Susan BLATZ,Ariadna MORONES NEGRETE,Peter RANKIN,Dan FANG,KOR,JPN,TWN,KAZ,USA,CAN,MEX,AUS,CHN
GPRUS_1819,MEN_SP,Tomie FUKUDOME,Salome CHIGOGIDZE,Anja RIST,Katarina HENRIKSSON,Tatiana SHARKINA,Joanna MILLER,Deborah CURRIE,Claudia BRAMBATI,Lynne DEY,JPN,GEO,GER,SWE,RUS,AUS,USA,ITA,CAN
GPRUS_1819,MEN_FS,Tomie FUKUDOME,Salome CHIGOGIDZE,Anja RIST,Katarina HENRIKSSON,Tatiana SHARKINA,Joanna MILLER,Deborah CURRIE,Claudia BRAMBATI,Lynne DEY,JPN,GEO,GER,SWE,RUS,AUS,USA,ITA,CAN
GPJPN_1516,LADIES_SP,Danuta DUBROWKO,Valerie GREUGNY,Julia ANDREEVA,Sakae YAMAMOTO,Melody Tan Tan YIP,Andre-Marc ALLAIN,Feng HUANG,Deborah CURRIE,Christian BAUMANN,POL,FRA,RUS,JPN,HKG,CAN,CHN,USA,GER
4CC_1718,LADIES_SP,Sasha MARTINEZ,Reaghan FAWCETT,Neil GARRARD,Kylie Anne YACOPETTI,So Young AN,Hailan JIANG,Shizuko UGAKI,Deborah CURRIE,Nadezhda PARETSKAIA,MEX,CAN,ZAF,AUS,KOR,CHN,JPN,USA,KAZ
4CC_1718,LADIES_FS,Reaghan FAWCETT,Deborah CURRIE,Sasha MARTINEZ,Hailan JIANG,So Young AN,Neil GARRARD,Shizuko UGAKI,Kylie Anne YACOPETTI,Nadezhda PARETSKAIA,CAN,USA,MEX,CHN,KOR,ZAF,JPN,AUS,KAZ
GPFRA_1819,MEN_SP,Agita ABELE,Reaghan FAWCETT,Maira ABASOVA,Bing HAN,Etsuko AZUMA,Kevin ROSENSTEIN,Marta OLOZAGARRE,Philippe MERIGUET,Anna KANTOR,LAT,CAN,RUS,CHN,JPN,USA,ESP,FRA,ISR
GPFRA_1819,MEN_FS,Agita ABELE,Reaghan FAWCETT,Maira ABASOVA,Bing HAN,Etsuko AZUMA,Kevin ROSENSTEIN,Marta OLOZAGARRE,Philippe MERIGUET,Anna KANTOR,LAT,CAN,RUS,CHN,JPN,USA,ESP,FRA,ISR
GPJPN_1415,LADIES_FS,Malgorzata SOBKOW,Jia YAO,Todd BROMLEY,Tomiko YAMADA,Jean SENFT,Alexander KOGAN,Natalie TAYLOR,Beatrice PFISTER,Leena KURRI,POL,CHN,USA,JPN,CAN,RUS,AUS,SUI,FIN
WC_1516,LADIES_SP,Igor PROKOP,Na Young AHN,Eva SZILAGYI,Jana BAUDYSOVA,Nicole VAN GERWEN-MAAS,Jean SENFT,Prisca BINZ-MOSER,Paolo PIZZOCARI,Leena KURRI,SVK,KOR,HUN,CZE,NED,CAN,SUI,ITA,FIN
GPCHN_1920,MEN_SP,Dan FANG,Walter TOIGO,Marjo KANKAANRANTA,Tatiana SHARKINA,Melody Tan Tan YIP,Cynthia BENSON,Roger GLENN,Jung Sue LEE,Tetsuo ABE,CHN,ITA,FIN,RUS,HKG,CAN,USA,KOR,JPN
GPCHN_1920,MEN_FS,Dan FANG,Walter TOIGO,Marjo KANKAANRANTA,Tatiana SHARKINA,Melody Tan Tan YIP,Cynthia BENSON,Roger GLENN,Jung Sue LEE,Tetsuo ABE,CHN,ITA,FIN,RUS,HKG,CAN,USA,KOR,JPN
GPUSA_1415,MEN_FS,Tamie CAMPBELL,Lolita LABUNSKAIYA,Yuri GUSKOV,Mami MAEDA,Francoise DE RAPPARD,Philippe MERIGUET,Leslie KEEN,Kylie Anne YACOPETTI,Alexei BELETSKI,USA,RUS,KAZ,JPN,BEL,FRA,CAN,AUS,ISR
4CC_1415,LADIES_FS,Karen BUTCHER,Ariadna MORONES NEGRETE,Jia YAO,Eddy WU,Sung-Hee KOH,Peter RANKIN,Ayumi KOZUKA,Anne G SHEAN,Claudia BRAMBATI,CAN,MEX,CHN,TWN,KOR,AUS,JPN,USA,ITA
4CC_1011,LADIES_FS,Deborah CURRIE,Karen HOWARD,Slobodan DELIC,Sung-Hee KOH,Eddy WU,Guangying QIN,Neil GARRARD,Shizuko UGAKI,Catherine L TAYLOR,USA,CAN,SRB,KOR,TWN,CHN,ZAF,JPN,AUS
GPCAN_1516,LADIES_SP,Doug WILLIAMS,Salome CHIGOGIDZE,Inger ANDERSSON,Sviatoslav BABENKO,Shizuko UGAKI,Nadezhda PARETSKAIA,Beth CRANE,Lone AMSTRUP LINNEMANN,Massimo ORLANDINI,USA,GEO,SWE,RUS,JPN,KAZ,CAN,DEN,ITA
GPFIN_1819,LADIES_SP,Francoise DE RAPPARD,Daniela TACCANI,Wendy ENZMANN,Lenka BOHUNICKA,Anu NIINIRANTA,Elena FOMINA,Nobuhiko YOSHIOKA,Elisabeth BINDER,Angelika ULLM,BEL,ITA,USA,SVK,FIN,RUS,JPN,AUT,GER
GPFIN_1819,LADIES_FS,Francoise DE RAPPARD,Daniela TACCANI,Wendy ENZMANN,Lenka BOHUNICKA,Anu NIINIRANTA,Elena FOMINA,Nobuhiko YOSHIOKA,Elisabeth BINDER,Angelika ULLM,BEL,ITA,USA,SVK,FIN,RUS,JPN,AUT,GER
GPUSA_1011,MEN_FS,Jeff LUKASIK,Karin EHRHARDT,Aigul KUANISHEVA,Yukiko OKABE,Merja KOSONEN,Emilie BILLOW,Guangying QIN,Ann MUESING,Hal MARRON,CAN,AUT,KAZ,JPN,FIN,SWE,CHN,BEL,USA
GPCHN_1011,MEN_FS,Philippe MERIGUET,Vera TAUCHMANOVA,Claudia BRAMBATI,Robert ROSENBLUTH,Susan BLATZ,Sviatoslav BABENKO,Guangying QIN,Nobuhiko YOSHIOKA,Hea-Kyung KIM,FRA,CZE,ITA,USA,CAN,RUS,CHN,JPN,KOR
GPCAN_1415,LADIES_FS,Sakae YAMAMOTO,Marco BUTTARELLI,Jung-Sue LEE,Jodi ABBOTT,Guangying QIN,Emilie BILLOW,Maira ABASOVA,William S SMITH,Jan HOFFMANN,JPN,ITA,KOR,CAN,CHN,SWE,RUS,USA,GER
GPJPN_1011,LADIES_SP,Massimo ORLANDINI,Elena FOMINA,Kristina HOUWING,Florence VUYLSTEKER,Salome CHIGOGIDZE,Tarja RISTANEN,Sakae YAMAMOTO,Leanna CARON,Anja RIST,ITA,RUS,SWE,FRA,GEO,FIN,JPN,CAN,GER
4CC_1819,LADIES_SP,Anny HOU,Dan CHEN,Rebecca ANDREW,Nobuhiko YOSHIOKA,Yumin WANG,Yuriy GUSKOV,Jung Sue LEE,Leanna CARON,Kevin ROSENSTEIN,TPE,HKG,AUS,JPN,CHN,KAZ,KOR,CAN,USA
GPRUS_1718,MEN_SP,Agita ABELE,Tatiana SHARKINA,Etsuko AZUMA,Yuri GUSKOV,Anna KANTOR,Lorrie PARKER,Lynne DEY,Saodat NUMANOVA,Veronique VERRUE,LAT,RUS,JPN,KAZ,ISR,USA,CAN,UZB,FRA
GPRUS_1718,MEN_FS,Agita ABELE,Tatiana SHARKINA,Etsuko AZUMA,Yuri GUSKOV,Anna KANTOR,Lorrie PARKER,Lynne DEY,Saodat NUMANOVA,Veronique VERRUE,LAT,RUS,JPN,KAZ,ISR,USA,CAN,UZB,FRA
4CC_1314,MEN_FS,Kenji AMAKO,Evgeni ROKHIN,Yuri GUSKOV,Eddy WU,Jung-Sue LEE,Jia YAO,Catherine L TAYLOR,Andrea DERBY,Lorrie PARKER,JPN,UZB,KAZ,TWN,KOR,CHN,AUS,CAN,USA
GPRUS_1617,LADIES_FS,Nobuhiko YOSHIOKA,Lenka BOHUNICKA,Igor DOLGUSHIN,Dan FANG,Agita ABELE,Wendy ENZMANN,Leslie KEEN,Paolo PIZZOCARI,Aigul KUANISHEVA,JPN,SVK,RUS,CHN,LAT,USA,CAN,ITA,KAZ
GPF_1718,LADIES_SP,Kenji AMAKO,Chihee RHEE,Emilie BILLOW,Olga KOZHEMYAKINA,Deveny DECK,Weiguang CHEN,Elizabeth ALEXANDRE,Paolo PIZZOCARI,Jeff LUKASIK,JPN,KOR,SWE,RUS,USA,CHN,AUS,ITA,CAN
GPF_1718,LADIES_FS,Kenji AMAKO,Chihee RHEE,Emilie BILLOW,Olga KOZHEMYAKINA,Deveny DECK,Weiguang CHEN,Elizabeth ALEXANDRE,Paolo PIZZOCARI,Jeff LUKASIK,JPN,KOR,SWE,RUS,USA,CHN,AUS,ITA,CAN
GPJPN_1314,MEN_FS,Marta OLOZAGARRE,Samuel AUXIER,Georg KRUMMENACHER,Tarja RISTANEN,Elena FOMINA,Francis BETSCH,Tomiko YAMADA,Ulla FAIG,Jeff LUKASIK,ESP,USA,SUI,FIN,RUS,FRA,JPN,GER,CAN
GPJPN_1011,LADIES_FS,Leanna CARON,Tarja RISTANEN,Salome CHIGOGIDZE,Elena FOMINA,Massimo ORLANDINI,Florence VUYLSTEKER,Sakae YAMAMOTO,Anja RIST,Kristina HOUWING,CAN,FIN,GEO,RUS,ITA,FRA,JPN,GER,SWE
EC_1011,MEN_SP,Birgit FOELL,Mona JONSSON,Marina BESCHEA,Hermi OTTEMANN,Halina GORDON POLTORAK,Tomislav CIZMESIJA,Laimute KRAUZIENE,Nadezhda FIODOROVA,Daniela CAVELLI,GER,SWE,ROM,NED,POL,CRO,LTU,BLR,ITA
EC_1213,LADIES_SP,Darja GABROVSEK-POLAJNAR,Florin GAFENCU,Salome CHIGOGIDZE,Yury KLIUSHNIKOV,Leena LAAKSONEN,Nicole VAN GERWEN-MAAS,Krunoslava CUMIC,Bernhard JUST,Lovorka KODRIN,SLO,ROU,GEO,AZE,FIN,NED,ISU,AUT,CRO
EC_1920,LADIES_FS,Laila DAVIDSSON,Marina BESCHEA,Zsuzsanna VIKARNE-HOMOLYA,Katharina HEUSINGER,Christine BLANC,Yury KLIUSHNIKOV,Allan BOEHM,Natasa SKOK,Margo PAUW,SWE,ROM,HUN,GER,SUI,AZE,SVK,SLO,NED
GPUSA_1920,LADIES_SP,Wei SHI,Julia ANDREEVA,Ron CONACHER,Catherine L TAYLOR,Yuriy GUSKOV,Marta OLOZAGARRE,Jung Yoon CHOI,Kevin ROSENSTEIN,Akiko KOBAYASHI,CHN,RUS,CAN,AUS,KAZ,ESP,KOR,USA,JPN
GPUSA_1920,LADIES_FS,Wei SHI,Julia ANDREEVA,Ron CONACHER,Catherine L TAYLOR,Yuriy GUSKOV,Marta OLOZAGARRE,Jung Yoon CHOI,Kevin ROSENSTEIN,Akiko KOBAYASHI,CHN,RUS,CAN,AUS,KAZ,ESP,KOR,USA,JPN
WC_1819,LADIES_FS,Kari-Anne OLSEN,Stanislava SMIDOVA,Edith SCHILLER,Teri SEDEJ,Yuriy GUSKOV,Ko-Man TING,Deborah CURRIE,Young Kyung HAN,Kersten BELLMANN,NOR,CZE,AUT,SVN,KAZ,TWN,USA,KOR,GER
WC_1314,MEN_SP,Jia YAO,Walter TOIGO,Benoit LAVOIE,Vladislav PETUKHOV,Thomas BIEGLER,Lone AMSTRUP LINNEMANN,Marina SANAYA,Kadi ZVIRIK,Kersten BELLMANN,CHN,ITA,CAN,UKR,AUT,DEN,RUS,EST,GER
WC_1819,LADIES_SP,Yuriy GUSKOV,Teri SEDEJ,Yu WANG,Agita ABELE,Stanislava SMIDOVA,Mary CHAPMAN,Deborah CURRIE,Nikolai SALNIKOV,Kari-Anne OLSEN,KAZ,SVN,CHN,LAT,CZE,GBR,USA,EST,NOR
EC_1718,LADIES_FS,Ebru ANILDI,Francoise DE RAPPARD,Igor FEDCHENKO,Kari-Anne OLSEN,Agita ABELE,Attila SOOS,Zanna KULIK,Ann FINDLAY,Merja KOSONEN,TUR,BEL,UKR,NOR,LAT,HUN,EST,GBR,FIN
EC_1415,LADIES_FS,Ulla FAIG,Philippe MERIGUET,Anu NIINIRANTA,Christiane MILES,Lone AMSTRUP LINNEMANN,Zanna KULIK,Alla SHEKHOVTSOVA,Osman SIRVAN,Natalia KRUGLOVA,GER,FRA,FIN,SUI,DEN,EST,RUS,TUR,UKR
WC_1112,MEN_SP,Evgeni ROKHIN,Eddy WU,Sung-Hee KOH,Anna KANTOR,Pirjo ELO,Ekaterina SEROVA,Ebru ANILDI,Inger ANDERSSON,Katalin BALCZO,UZB,TWN,KOR,ISR,FIN,BLR,TUR,SWE,HUN
GPRUS_1819,LADIES_SP,Julia ANDREEVA,Deborah CURRIE,Miwako ANDO,Attila SOOS,Anja RIST,Yuriy GUSKOV,Malgorzata SOBKOW,Kyung Won SAKONG,Claudia FASSORA,RUS,USA,JPN,HUN,GER,KAZ,POL,KOR,SUI
GPRUS_1819,LADIES_FS,Julia ANDREEVA,Deborah CURRIE,Miwako ANDO,Attila SOOS,Anja RIST,Yuriy GUSKOV,Malgorzata SOBKOW,Kyung Won SAKONG,Claudia FASSORA,RUS,USA,JPN,HUN,GER,KAZ,POL,KOR,SUI
EC_1920,LADIES_SP,Zsuzsanna VIKARNE-HOMOLYA,Margo PAUW,Allan BOEHM,Marina BESCHEA,Natasa SKOK,Igor FEDCHENKO,Veronique VERRUE,Magdalena RUSIECKA,Katarina GROF MITROVIC,HUN,NED,SVK,ROM,SLO,UKR,FRA,POL,SRB
